model1,averagetime1,model2,averagetime2,model3,averagetime3
yolov8n,0.054753114,nan,0,nan,0
yolov8x,0.060485162,nan,0,nan,0
yolov8m,0.057315248,nan,0,nan,0
resnet18,0.012753275,nan,0,nan,0
resnet50,0.017401139,nan,0,nan,0
resnet152,0.032696928,nan,0,nan,0
vgg11,0.009973645,nan,0,nan,0
vgg16,0.010493302,nan,0,nan,0
vgg19,0.010795813,nan,0,nan,0
densenet121,0.030520521,nan,0,nan,0
densenet169,0.036801938,nan,0,nan,0
densenet201,0.04168381,nan,0,nan,0
llama3,18.97077145,nan,0,nan,0
qwen2.5,8.815430522,nan,0,nan,0
glm4,21.69678712,nan,0,nan,0
yolov8n,0.062243579,yolov8n,0.062678406,nan,0
yolov8n,0.060861247,yolov8x,0.066928401,nan,0
yolov8n,0.057683091,yolov8m,0.060086097,nan,0
yolov8n,0.060013573,resnet18,0.013091997,nan,0
yolov8n,0.059852517,resnet50,0.017448598,nan,0
yolov8n,0.056972714,resnet152,0.034019396,nan,0
yolov8n,0.056221198,vgg11,0.010415147,nan,0
yolov8n,0.056868256,vgg16,0.010957188,nan,0
yolov8n,0.057070566,vgg19,0.011180233,nan,0
yolov8n,0.056068306,densenet121,0.030319969,nan,0
yolov8n,0.056510223,densenet169,0.039130705,nan,0
yolov8n,0.055757698,densenet201,0.043759212,nan,0
yolov8n,0.056699917,llama3,19.70408678,nan,0
yolov8n,0.061539739,qwen2.5,8.761565674,nan,0
yolov8n,0.057464832,glm4,21.54105514,nan,0
yolov8x,0.062279151,yolov8x,0.062252614,nan,0
yolov8x,0.063837556,yolov8m,0.061132378,nan,0
yolov8x,0.065391085,resnet18,0.013024652,nan,0
yolov8x,0.064262724,resnet50,0.01782633,nan,0
yolov8x,0.062686018,resnet152,0.034232949,nan,0
yolov8x,0.062492365,vgg11,0.010402199,nan,0
yolov8x,0.061535162,vgg16,0.01082694,nan,0
yolov8x,0.061269709,vgg19,0.011262664,nan,0
yolov8x,0.061368259,densenet121,0.029481025,nan,0
yolov8x,0.061223419,densenet169,0.039043685,nan,0
yolov8x,0.061120231,densenet201,0.044197341,nan,0
yolov8x,0.067376916,llama3,19.00470471,nan,0
yolov8x,0.08977268,qwen2.5,18.5106282,nan,0
yolov8x,0.093151057,glm4,28.46055257,nan,0
yolov8m,0.060532721,yolov8m,0.057451764,nan,0
yolov8m,0.062169191,resnet18,0.013087441,nan,0
yolov8m,0.060943854,resnet50,0.018088937,nan,0
yolov8m,0.060198529,resnet152,0.033015518,nan,0
yolov8m,0.059871893,vgg11,0.010485237,nan,0
yolov8m,0.059105913,vgg16,0.011079589,nan,0
yolov8m,0.059444529,vgg19,0.011263974,nan,0
yolov8m,0.058445334,densenet121,0.030159029,nan,0
yolov8m,0.059082397,densenet169,0.03852368,nan,0
yolov8m,0.058928868,densenet201,0.044579277,nan,0
yolov8m,0.057464714,llama3,20.31418837,nan,0
yolov8m,0.067417732,qwen2.5,9.774526199,nan,0
yolov8m,0.068303493,glm4,22.24597496,nan,0
resnet18,0.013956219,resnet18,0.013969685,nan,0
resnet18,0.013488032,resnet50,0.019331401,nan,0
resnet18,0.013199815,resnet152,0.036326673,nan,0
resnet18,0.012706613,vgg11,0.011193393,nan,0
resnet18,0.012820782,vgg16,0.011723028,nan,0
resnet18,0.012827717,vgg19,0.012091257,nan,0
resnet18,0.01283766,densenet121,0.03073247,nan,0
resnet18,0.012986106,densenet169,0.039495786,nan,0
resnet18,0.012833628,densenet201,0.046637347,nan,0
resnet18,0.012976538,llama3,20.54338759,nan,0
resnet18,0.013031149,qwen2.5,9.841520482,nan,0
resnet18,0.012918875,glm4,22.86917493,nan,0
resnet50,0.018579855,resnet50,0.018718461,nan,0
resnet50,0.018006051,resnet152,0.035143798,nan,0
resnet50,0.017568409,vgg11,0.01099775,nan,0
resnet50,0.018378868,vgg16,0.011349897,nan,0
resnet50,0.017628978,vgg19,0.011614737,nan,0
resnet50,0.018054394,densenet121,0.030132429,nan,0
resnet50,0.017651684,densenet169,0.037262873,nan,0
resnet50,0.017931426,densenet201,0.044666815,nan,0
resnet50,0.01758769,llama3,18.91983599,nan,0
resnet50,0.01770573,qwen2.5,10.06749303,nan,0
resnet50,0.017350607,glm4,24.77829708,nan,0
resnet152,0.033646578,resnet152,0.034248219,nan,0
resnet152,0.033357611,vgg11,0.010384263,nan,0
resnet152,0.032502309,vgg16,0.011015227,nan,0
resnet152,0.033213618,vgg19,0.01121564,nan,0
resnet152,0.032253969,densenet121,0.030646671,nan,0
resnet152,0.032641252,densenet169,0.038145521,nan,0
resnet152,0.032155172,densenet201,0.044022004,nan,0
resnet152,0.032059741,llama3,23.48426172,nan,0
resnet152,0.033227005,qwen2.5,13.12095347,nan,0
resnet152,0.032969618,glm4,23.14542907,nan,0
vgg11,0.010185613,vgg11,0.010147953,nan,0
vgg11,0.010161327,vgg16,0.010621302,nan,0
vgg11,0.010246092,vgg19,0.010977043,nan,0
vgg11,0.010260637,densenet121,0.02951476,nan,0
vgg11,0.010229725,densenet169,0.036653648,nan,0
vgg11,0.01018606,densenet201,0.043053921,nan,0
vgg11,0.010293968,llama3,20.36704916,nan,0
vgg11,0.010225772,qwen2.5,21.70609882,nan,0
vgg11,0.009967799,glm4,30.23424063,nan,0
vgg16,0.01072645,vgg16,0.010687707,nan,0
vgg16,0.010730154,vgg19,0.011046765,nan,0
vgg16,0.010744778,densenet121,0.02983582,nan,0
vgg16,0.01073744,densenet169,0.037224508,nan,0
vgg16,0.010770457,densenet201,0.043862247,nan,0
vgg16,0.010768564,llama3,29.05331063,nan,0
vgg16,0.010721434,qwen2.5,25.5745633,nan,0
vgg16,0.010576308,glm4,38.13953257,nan,0
vgg19,0.011452945,vgg19,0.01150316,nan,0
vgg19,0.010953432,densenet121,0.028864632,nan,0
vgg19,0.011021845,densenet169,0.038083612,nan,0
vgg19,0.010903958,densenet201,0.047932409,nan,0
vgg19,0.011102282,llama3,26.25957874,nan,0
vgg19,0.011372512,qwen2.5,25.52045757,nan,0
vgg19,0.011511901,glm4,39.09569281,nan,0
densenet121,0.029208139,densenet121,0.028954072,nan,0
densenet121,0.028771697,densenet169,0.037635923,nan,0
densenet121,0.028964908,densenet201,0.043764201,nan,0
densenet121,0.030134157,llama3,21.07781446,nan,0
densenet121,0.028629515,qwen2.5,9.204958105,nan,0
densenet121,0.029365093,glm4,23.06996165,nan,0
densenet169,0.036472185,densenet169,0.036912147,nan,0
densenet169,0.038269146,densenet201,0.043636773,nan,0
densenet169,0.036308052,llama3,19.39365427,nan,0
densenet169,0.036004266,qwen2.5,10.18745631,nan,0
densenet169,0.038011936,glm4,21.98763886,nan,0
densenet201,0.041959569,densenet201,0.045539603,nan,0
densenet201,0.041259517,llama3,23.24019905,nan,0
densenet201,0.045986102,qwen2.5,10.26713702,nan,0
densenet201,0.043556294,glm4,22.48780444,nan,0
llama3,43.74455297,llama3,36.99794135,nan,0
llama3,34.17349046,qwen2.5,27.25979277,nan,0
llama3,41.38955468,glm4,38.83767515,nan,0
qwen2.5,30.40430741,qwen2.5,30.29987196,nan,0
qwen2.5,26.00868671,glm4,40.76747447,nan,0
glm4,36.588903,glm4,38.41667829,nan,0
yolov8n,0.056763376,yolov8n,0.059021009,yolov8n,0.059085728
yolov8n,0.056869152,yolov8n,0.063018456,yolov8x,0.06921868
yolov8n,0.058858719,yolov8n,0.05887509,yolov8m,0.059364413
yolov8n,0.061320094,yolov8n,0.061687537,resnet18,0.013794832
yolov8n,0.060339503,yolov8n,0.061880429,resnet50,0.01936036
yolov8n,0.059656522,yolov8n,0.059390927,resnet152,0.035779908
yolov8n,0.058905785,yolov8n,0.058506114,vgg11,0.011148009
yolov8n,0.058798024,yolov8n,0.059987996,vgg16,0.011738034
yolov8n,0.057926615,yolov8n,0.057108861,vgg19,0.011363931
yolov8n,0.058016145,yolov8n,0.056425429,densenet121,0.032634319
yolov8n,0.0589785,yolov8n,0.058715722,densenet169,0.04103291
yolov8n,0.05898197,yolov8n,0.058812734,densenet201,0.0470468
yolov8n,0.056940022,yolov8x,0.064687517,yolov8x,0.062355103
yolov8n,0.059081928,yolov8x,0.064376782,yolov8m,0.061755774
yolov8n,0.059815711,yolov8x,0.066765216,resnet18,0.013251282
yolov8n,0.059933931,yolov8x,0.064643722,resnet50,0.018469243
yolov8n,0.057312811,yolov8x,0.065471686,resnet152,0.034076683
yolov8n,0.05610525,yolov8x,0.061687261,vgg11,0.010762622
yolov8n,0.058995173,yolov8x,0.060551734,vgg16,0.011790346
yolov8n,0.058912057,yolov8x,0.063848664,vgg19,0.012037474
yolov8n,0.057192405,yolov8x,0.061561848,densenet121,0.030360577
yolov8n,0.05858205,yolov8x,0.064658756,densenet169,0.040839656
yolov8n,0.058337181,yolov8x,0.062966993,densenet201,0.045088366
yolov8n,0.05681353,yolov8m,0.061196063,yolov8m,0.059211543
yolov8n,0.05958146,yolov8m,0.063339477,resnet18,0.013051297
yolov8n,0.060510272,yolov8m,0.060918079,resnet50,0.018180246
yolov8n,0.059560084,yolov8m,0.06324383,resnet152,0.035764998
yolov8n,0.059221278,yolov8m,0.061868434,vgg11,0.01119745
yolov8n,0.059217209,yolov8m,0.061804191,vgg16,0.011718948
yolov8n,0.058777667,yolov8m,0.062055527,vgg19,0.012114821
yolov8n,0.058973064,yolov8m,0.061742409,densenet121,0.031535842
yolov8n,0.056218687,yolov8m,0.059076977,densenet169,0.039362451
yolov8n,0.059043801,yolov8m,0.061315228,densenet201,0.046684962
yolov8n,0.063250422,resnet18,0.014371753,resnet18,0.014399924
yolov8n,0.063592623,resnet18,0.014782578,resnet50,0.020184228
yolov8n,0.062470859,resnet18,0.014008025,resnet152,0.038383993
yolov8n,0.061620969,resnet18,0.013652449,vgg11,0.011794439
yolov8n,0.059870344,resnet18,0.013255238,vgg16,0.011787126
yolov8n,0.061669527,resnet18,0.01386734,vgg19,0.012795161
yolov8n,0.059562261,resnet18,0.01324885,densenet121,0.03199961
yolov8n,0.05959034,resnet18,0.013358279,densenet169,0.041219773
yolov8n,0.061999505,resnet18,0.013789992,densenet201,0.04986552
yolov8n,0.062776118,resnet50,0.019711567,resnet50,0.01970372
yolov8n,0.061619996,resnet50,0.018135564,resnet152,0.035826057
yolov8n,0.060736178,resnet50,0.018847769,vgg11,0.011693655
yolov8n,0.058664286,resnet50,0.017921503,vgg16,0.01166455
yolov8n,0.060674636,resnet50,0.019132143,vgg19,0.012472618
yolov8n,0.058206226,resnet50,0.018089668,densenet121,0.031569334
yolov8n,0.06102594,resnet50,0.019144243,densenet169,0.042590738
yolov8n,0.061364022,resnet50,0.019112009,densenet201,0.048801006
yolov8n,0.059553675,resnet152,0.034512784,resnet152,0.034886353
yolov8n,0.05930256,resnet152,0.034961857,vgg11,0.011233735
yolov8n,0.059350946,resnet152,0.035488196,vgg16,0.011886188
yolov8n,0.057513402,resnet152,0.033188855,vgg19,0.011799416
yolov8n,0.059417529,resnet152,0.036132867,densenet121,0.032725535
yolov8n,0.059380018,resnet152,0.036888845,densenet169,0.041094673
yolov8n,0.059143055,resnet152,0.035991675,densenet201,0.046644493
yolov8n,0.058632358,vgg11,0.010949963,vgg11,0.010975972
yolov8n,0.059161175,vgg11,0.011086408,vgg16,0.011548121
yolov8n,0.059396604,vgg11,0.011020877,vgg19,0.011879798
yolov8n,0.0590213,vgg11,0.011014194,densenet121,0.031813671
yolov8n,0.058992101,vgg11,0.011004318,densenet169,0.039824828
yolov8n,0.058539657,vgg11,0.010914624,densenet201,0.046214801
yolov8n,0.059272972,vgg16,0.011531506,vgg16,0.011542146
yolov8n,0.058602792,vgg16,0.011529458,vgg19,0.012553249
yolov8n,0.058979552,vgg16,0.011500778,densenet121,0.031956516
yolov8n,0.058915911,vgg16,0.011524913,densenet169,0.040928696
yolov8n,0.058838491,vgg16,0.01145023,densenet201,0.046364043
yolov8n,0.058653058,vgg19,0.011850451,vgg19,0.011889344
yolov8n,0.054304402,vgg19,0.011893018,densenet121,0.03159466
yolov8n,0.059097626,vgg19,0.011837559,densenet169,0.040927553
yolov8n,0.056381495,vgg19,0.011217596,densenet201,0.045346498
yolov8n,0.058685887,densenet121,0.030914233,densenet121,0.031004738
yolov8n,0.058827364,densenet121,0.031351737,densenet169,0.040793731
yolov8n,0.058991992,densenet121,0.031518656,densenet201,0.051221861
yolov8n,0.059130862,densenet169,0.040016803,densenet169,0.041268594
yolov8n,0.058762324,densenet169,0.040477326,densenet201,0.046379182
yolov8n,0.058552004,densenet201,0.04677411,densenet201,0.045828012
yolov8x,0.064226561,yolov8x,0.06438303,yolov8x,0.064212843
yolov8x,0.062097907,yolov8x,0.05932327,yolov8m,0.061157581
yolov8x,0.067609242,yolov8x,0.067617534,resnet18,0.014009251
yolov8x,0.067083438,yolov8x,0.066739765,resnet50,0.019488141
yolov8x,0.065407796,yolov8x,0.06568325,resnet152,0.036224776
yolov8x,0.066619747,yolov8x,0.067030004,vgg11,0.011114473
yolov8x,0.071654177,yolov8x,0.07097213,vgg16,0.011714186
yolov8x,0.080051361,yolov8x,0.079280375,vgg19,0.011625336
yolov8x,0.064514073,yolov8x,0.064402561,densenet121,0.031667767
yolov8x,0.065759661,yolov8x,0.065217295,densenet169,0.039982391
yolov8x,0.064519515,yolov8x,0.064303862,densenet201,0.046913478
yolov8x,0.064458546,yolov8m,0.061484037,yolov8m,0.062132727
yolov8x,0.066922825,yolov8m,0.06681691,resnet18,0.013795914
yolov8x,0.065238762,yolov8m,0.063615853,resnet50,0.018207896
yolov8x,0.064590385,yolov8m,0.062839665,resnet152,0.036809855
yolov8x,0.064070774,yolov8m,0.06141123,vgg11,0.011213702
yolov8x,0.064519803,yolov8m,0.061325508,vgg16,0.011634919
yolov8x,0.064404881,yolov8m,0.061690083,vgg19,0.012036974
yolov8x,0.064912493,yolov8m,0.061926724,densenet121,0.031637737
yolov8x,0.063836621,yolov8m,0.061374714,densenet169,0.040755755
yolov8x,0.064050601,yolov8m,0.061321579,densenet201,0.047402758
yolov8x,0.06888507,resnet18,0.014524805,resnet18,0.014411046
yolov8x,0.067674064,resnet18,0.014636952,resnet50,0.019978072
yolov8x,0.068531525,resnet18,0.014056731,resnet152,0.037267723
yolov8x,0.067150989,resnet18,0.013727328,vgg11,0.011829863
yolov8x,0.06727615,resnet18,0.013864656,vgg16,0.012512823
yolov8x,0.068296357,resnet18,0.013768178,vgg19,0.012660948
yolov8x,0.06769221,resnet18,0.014022283,densenet121,0.033898487
yolov8x,0.068070893,resnet18,0.013811033,densenet169,0.043211912
yolov8x,0.068246025,resnet18,0.013734967,densenet201,0.049769243
yolov8x,0.067563041,resnet50,0.019420683,resnet50,0.019467295
yolov8x,0.067511798,resnet50,0.019284077,resnet152,0.037521965
yolov8x,0.066349547,resnet50,0.019061159,vgg11,0.011395978
yolov8x,0.063808453,resnet50,0.017924028,vgg16,0.011648571
yolov8x,0.066787882,resnet50,0.018826736,vgg19,0.012377414
yolov8x,0.065875779,resnet50,0.019061994,densenet121,0.032786987
yolov8x,0.065825352,resnet50,0.01773928,densenet169,0.039672341
yolov8x,0.064674258,resnet50,0.018508877,densenet201,0.049588013
yolov8x,0.066253076,resnet152,0.03614242,resnet152,0.036140771
yolov8x,0.064187735,resnet152,0.033497862,vgg11,0.011064244
yolov8x,0.066263617,resnet152,0.035963676,vgg16,0.01160874
yolov8x,0.066307613,resnet152,0.035639535,vgg19,0.012014888
yolov8x,0.064353276,resnet152,0.035764334,densenet121,0.031710775
yolov8x,0.064223683,resnet152,0.036403121,densenet169,0.040413886
yolov8x,0.061203016,resnet152,0.035237505,densenet201,0.046826393
yolov8x,0.064328306,vgg11,0.011007186,vgg11,0.010912951
yolov8x,0.067683995,vgg11,0.011297822,vgg16,0.011674365
yolov8x,0.076444735,vgg11,0.010982628,vgg19,0.012286452
yolov8x,0.064836106,vgg11,0.011026483,densenet121,0.031741278
yolov8x,0.06152923,vgg11,0.010464588,densenet169,0.039009118
yolov8x,0.065146551,vgg11,0.010996269,densenet201,0.046873588
yolov8x,0.101386073,vgg16,0.011553657,vgg16,0.011418743
yolov8x,0.10359501,vgg16,0.011631743,vgg19,0.012472982
yolov8x,0.061559052,vgg16,0.010852212,densenet121,0.030974636
yolov8x,0.064908111,vgg16,0.011451295,densenet169,0.039763368
yolov8x,0.063782841,vgg16,0.011508,densenet201,0.047353881
yolov8x,0.109459549,vgg19,0.012789927,vgg19,0.012830094
yolov8x,0.064799033,vgg19,0.011813597,densenet121,0.031367632
yolov8x,0.064624322,vgg19,0.011818736,densenet169,0.041088483
yolov8x,0.064494281,vgg19,0.012172367,densenet201,0.045593044
yolov8x,0.064639273,densenet121,0.031536038,densenet121,0.03132587
yolov8x,0.063426854,densenet121,0.031384008,densenet169,0.03998815
yolov8x,0.064443084,densenet121,0.032227234,densenet201,0.045929189
yolov8x,0.061078659,densenet169,0.03826981,densenet169,0.037926977
yolov8x,0.063945557,densenet169,0.041373525,densenet201,0.046520928
yolov8x,0.063692697,densenet201,0.046656851,densenet201,0.046799841
yolov8m,0.062228645,yolov8m,0.061896788,yolov8m,0.062012797
yolov8m,0.064761078,yolov8m,0.064827557,resnet18,0.013992183
yolov8m,0.064044331,yolov8m,0.063210059,resnet50,0.01936357
yolov8m,0.062164045,yolov8m,0.061724991,resnet152,0.036342914
yolov8m,0.062323287,yolov8m,0.061749403,vgg11,0.01116718
yolov8m,0.061451824,yolov8m,0.061645196,vgg16,0.011792278
yolov8m,0.061219998,yolov8m,0.061636742,vgg19,0.012037662
yolov8m,0.061904595,yolov8m,0.061748642,densenet121,0.031378648
yolov8m,0.061531753,yolov8m,0.061112194,densenet169,0.041025525
yolov8m,0.062752666,yolov8m,0.061739542,densenet201,0.047090932
yolov8m,0.066955291,resnet18,0.01483024,resnet18,0.014864447
yolov8m,0.065049456,resnet18,0.014439492,resnet50,0.020302311
yolov8m,0.064932075,resnet18,0.014071829,resnet152,0.036954368
yolov8m,0.064533353,resnet18,0.013607035,vgg11,0.011886012
yolov8m,0.064676848,resnet18,0.0138032,vgg16,0.012436065
yolov8m,0.063771871,resnet18,0.013514968,vgg19,0.012428807
yolov8m,0.064499521,resnet18,0.01388944,densenet121,0.033125009
yolov8m,0.064703554,resnet18,0.013904608,densenet169,0.042657703
yolov8m,0.065309151,resnet18,0.013937453,densenet201,0.049790986
yolov8m,0.065133782,resnet50,0.019698621,resnet50,0.019652282
yolov8m,0.064475929,resnet50,0.019177549,resnet152,0.038099262
yolov8m,0.063149459,resnet50,0.019110301,vgg11,0.011447361
yolov8m,0.063728191,resnet50,0.019104901,vgg16,0.012001299
yolov8m,0.063038852,resnet50,0.017879051,vgg19,0.011661818
yolov8m,0.0632362,resnet50,0.018912361,densenet121,0.032526242
yolov8m,0.063701956,resnet50,0.019017458,densenet169,0.041948641
yolov8m,0.06360371,resnet50,0.018840937,densenet201,0.051526011
yolov8m,0.062616046,resnet152,0.036185106,resnet152,0.037316689
yolov8m,0.062063503,resnet152,0.03493788,vgg11,0.011209373
yolov8m,0.06320601,resnet152,0.03590388,vgg16,0.011703145
yolov8m,0.062033506,resnet152,0.036514151,vgg19,0.012031917
yolov8m,0.061209888,resnet152,0.035666556,densenet121,0.031854144
yolov8m,0.062323846,resnet152,0.035016893,densenet169,0.042610746
yolov8m,0.061986943,resnet152,0.035777933,densenet201,0.046301702
yolov8m,0.063317216,vgg11,0.011023016,vgg11,0.010999681
yolov8m,0.062394655,vgg11,0.011033205,vgg16,0.011516873
yolov8m,0.060985988,vgg11,0.010325613,vgg19,0.011114396
yolov8m,0.061787763,vgg11,0.010948103,densenet121,0.032000299
yolov8m,0.061129006,vgg11,0.010958437,densenet169,0.040396066
yolov8m,0.061437161,vgg11,0.010961505,densenet201,0.046214251
yolov8m,0.061774146,vgg16,0.011585864,vgg16,0.011529914
yolov8m,0.061356372,vgg16,0.011460029,vgg19,0.011997399
yolov8m,0.061427187,vgg16,0.011447281,densenet121,0.031157054
yolov8m,0.061718652,vgg16,0.011456231,densenet169,0.040179262
yolov8m,0.061355376,vgg16,0.011477961,densenet201,0.046580415
yolov8m,0.061319413,vgg19,0.011916483,vgg19,0.011946878
yolov8m,0.063013224,vgg19,0.011833877,densenet121,0.031209179
yolov8m,0.062013279,vgg19,0.011805068,densenet169,0.040769469
yolov8m,0.059186901,vgg19,0.011322456,densenet201,0.046350024
yolov8m,0.062606615,densenet121,0.03144397,densenet121,0.030605109
yolov8m,0.061182947,densenet121,0.031983979,densenet169,0.0402029
yolov8m,0.061761111,densenet121,0.031452594,densenet201,0.047610235
yolov8m,0.061263859,densenet169,0.040981401,densenet169,0.040625973
yolov8m,0.061535469,densenet169,0.040846551,densenet201,0.047531806
yolov8m,0.061853829,densenet201,0.047317326,densenet201,0.046760544
resnet18,0.015128035,resnet18,0.015290196,resnet18,0.015141718
resnet18,0.015354068,resnet18,0.015346686,resnet50,0.021630194
resnet18,0.014838664,resnet18,0.014893653,resnet152,0.038949
resnet18,0.014349018,resnet18,0.014326494,vgg11,0.011976571
resnet18,0.014468519,resnet18,0.014493001,vgg16,0.012999255
resnet18,0.014204651,resnet18,0.014112138,vgg19,0.013007345
resnet18,0.01441299,resnet18,0.014477229,densenet121,0.033373602
resnet18,0.014227694,resnet18,0.014239307,densenet169,0.042637075
resnet18,0.013999025,resnet18,0.014032545,densenet201,0.050365433
resnet18,0.015162476,resnet50,0.020765769,resnet50,0.020972277
resnet18,0.014822381,resnet50,0.020442584,resnet152,0.038808061
resnet18,0.0143485,resnet50,0.019964976,vgg11,0.011867808
resnet18,0.014170592,resnet50,0.020244357,vgg16,0.0126313
resnet18,0.014106926,resnet50,0.019874525,vgg19,0.012614626
resnet18,0.014351936,resnet50,0.019910135,densenet121,0.033461167
resnet18,0.014414043,resnet50,0.019860686,densenet169,0.04353268
resnet18,0.014441409,resnet50,0.01986417,densenet201,0.049866501
resnet18,0.014352507,resnet152,0.037887995,resnet152,0.037529909
resnet18,0.013826257,resnet152,0.036796238,vgg11,0.011754423
resnet18,0.013349194,resnet152,0.034515297,vgg16,0.012362853
resnet18,0.013898137,resnet152,0.037133047,vgg19,0.012745872
resnet18,0.013770119,resnet152,0.036620536,densenet121,0.033130078
resnet18,0.014074447,resnet152,0.035383286,densenet169,0.0441601
resnet18,0.013950611,resnet152,0.036655336,densenet201,0.048226453
resnet18,0.013372459,vgg11,0.011712146,vgg11,0.011685189
resnet18,0.01352792,vgg11,0.011747615,vgg16,0.012248151
resnet18,0.013497821,vgg11,0.011809303,vgg19,0.01275319
resnet18,0.013586711,vgg11,0.011701563,densenet121,0.032487855
resnet18,0.013592245,vgg11,0.011800098,densenet169,0.042382301
resnet18,0.013602573,vgg11,0.01171379,densenet201,0.049499505
resnet18,0.013395423,vgg16,0.012883532,vgg16,0.012376759
resnet18,0.013666241,vgg16,0.012320085,vgg19,0.01262516
resnet18,0.012762443,vgg16,0.011719207,densenet121,0.031149017
resnet18,0.013549134,vgg16,0.012233826,densenet169,0.042574131
resnet18,0.013698003,vgg16,0.012290441,densenet201,0.048394064
resnet18,0.012881423,vgg19,0.012064572,vgg19,0.012009896
resnet18,0.013676802,vgg19,0.012539688,densenet121,0.032378798
resnet18,0.012845935,vgg19,0.012157118,densenet169,0.040711107
resnet18,0.012799453,vgg19,0.012146471,densenet201,0.047302187
resnet18,0.013583401,densenet121,0.033017889,densenet121,0.032599695
resnet18,0.013537597,densenet121,0.03240608,densenet169,0.042327997
resnet18,0.01370614,densenet121,0.033012503,densenet201,0.048090117
resnet18,0.012821126,densenet169,0.040312176,densenet169,0.04050669
resnet18,0.013198692,densenet169,0.040249918,densenet201,0.046172325
resnet18,0.013806911,densenet201,0.051168393,densenet201,0.047816872
resnet50,0.020281213,resnet50,0.020227991,resnet50,0.020246058
resnet50,0.019832066,resnet50,0.019793709,resnet152,0.036955131
resnet50,0.018560929,resnet50,0.018565183,vgg11,0.011574029
resnet50,0.019368387,resnet50,0.019487373,vgg16,0.012285218
resnet50,0.019448005,resnet50,0.01994711,vgg19,0.012960899
resnet50,0.019315037,resnet50,0.019270984,densenet121,0.033187614
resnet50,0.019348163,resnet50,0.019519206,densenet169,0.043279577
resnet50,0.019332347,resnet50,0.019322924,densenet201,0.049259502
resnet50,0.019220256,resnet152,0.037839802,resnet152,0.037917873
resnet50,0.018607155,resnet152,0.035803418,vgg11,0.011232169
resnet50,0.018864785,resnet152,0.036957891,vgg16,0.01214158
resnet50,0.017858241,resnet152,0.035320686,vgg19,0.012424758
resnet50,0.018986826,resnet152,0.036586504,densenet121,0.032130685
resnet50,0.019040277,resnet152,0.036316105,densenet169,0.041619148
resnet50,0.019041206,resnet152,0.037826761,densenet201,0.047499854
resnet50,0.01852008,vgg11,0.01148324,vgg11,0.011338022
resnet50,0.017852932,vgg11,0.010843569,vgg16,0.011321517
resnet50,0.018430988,vgg11,0.011363018,vgg19,0.012113832
resnet50,0.018590336,vgg11,0.0113408,densenet121,0.03208508
resnet50,0.018295472,vgg11,0.011543974,densenet169,0.040690898
resnet50,0.0187408,vgg11,0.011385425,densenet201,0.047736925
resnet50,0.018540403,vgg16,0.011979375,vgg16,0.011961041
resnet50,0.018584862,vgg16,0.012043818,vgg19,0.012206268
resnet50,0.018462934,vgg16,0.011965632,densenet121,0.032148811
resnet50,0.019100758,vgg16,0.011977484,densenet169,0.040841935
resnet50,0.017802506,vgg16,0.011382269,densenet201,0.047040132
resnet50,0.017565926,vgg19,0.011955038,vgg19,0.011719463
resnet50,0.018460588,vgg19,0.012201735,densenet121,0.032973062
resnet50,0.018596659,vgg19,0.012215594,densenet169,0.041121128
resnet50,0.01841811,vgg19,0.012132628,densenet201,0.047033441
resnet50,0.018816232,densenet121,0.032163883,densenet121,0.031746847
resnet50,0.018690843,densenet121,0.031766657,densenet169,0.039544487
resnet50,0.018762756,densenet121,0.032363968,densenet201,0.047630949
resnet50,0.018885697,densenet169,0.041192674,densenet169,0.040626815
resnet50,0.018545011,densenet169,0.041494999,densenet201,0.046346163
resnet50,0.01875622,densenet201,0.047168119,densenet201,0.046882806
resnet152,0.035464722,resnet152,0.035767488,resnet152,0.035400173
resnet152,0.035528768,resnet152,0.035521353,vgg11,0.011367503
resnet152,0.034680206,resnet152,0.03487716,vgg16,0.011533063
resnet152,0.034516641,resnet152,0.034869569,vgg19,0.011708519
resnet152,0.036640173,resnet152,0.035655927,densenet121,0.031808828
resnet152,0.034154554,resnet152,0.033947128,densenet169,0.041118507
resnet152,0.035884787,resnet152,0.035782476,densenet201,0.045494732
resnet152,0.034695707,vgg11,0.011022499,vgg11,0.011018397
resnet152,0.0349317,vgg11,0.010873105,vgg16,0.011419045
resnet152,0.034565723,vgg11,0.010950657,vgg19,0.011280493
resnet152,0.032222392,vgg11,0.010990793,densenet121,0.030166731
resnet152,0.03239326,vgg11,0.010379807,densenet169,0.040702485
resnet152,0.03418522,vgg11,0.011030588,densenet201,0.046111554
resnet152,0.035628184,vgg16,0.011507615,vgg16,0.011501494
resnet152,0.041629072,vgg16,0.011793836,vgg19,0.012294413
resnet152,0.035949656,vgg16,0.011549575,densenet121,0.031058698
resnet152,0.035029388,vgg16,0.011521181,densenet169,0.040514306
resnet152,0.03456267,vgg16,0.011538315,densenet201,0.046174439
resnet152,0.043115538,vgg19,0.012309599,vgg19,0.012293204
resnet152,0.033670083,vgg19,0.011807709,densenet121,0.030680531
resnet152,0.034842839,vgg19,0.011832792,densenet169,0.039734523
resnet152,0.035539005,vgg19,0.011848158,densenet201,0.046436756
resnet152,0.035893185,densenet121,0.03137261,densenet121,0.030645685
resnet152,0.035545625,densenet121,0.033312046,densenet169,0.039275748
resnet152,0.03292035,densenet121,0.031803439,densenet201,0.044797003
resnet152,0.033007324,densenet169,0.038724159,densenet169,0.040537382
resnet152,0.033773381,densenet169,0.039962753,densenet201,0.043993539
resnet152,0.033098188,densenet201,0.047436401,densenet201,0.04869807
vgg11,0.010890224,vgg11,0.010833651,vgg11,0.010861624
vgg11,0.010266861,vgg11,0.010643373,vgg16,0.011066813
vgg11,0.010867605,vgg11,0.010907327,vgg19,0.011720357
vgg11,0.010828848,vgg11,0.010952774,densenet121,0.032669497
vgg11,0.010770827,vgg11,0.010759864,densenet169,0.040174431
vgg11,0.010767489,vgg11,0.010747099,densenet201,0.045790767
vgg11,0.010880111,vgg16,0.011386832,vgg16,0.011325008
vgg11,0.010264976,vgg16,0.012383288,vgg19,0.014491922
vgg11,0.010815724,vgg16,0.011339764,densenet121,0.03075517
vgg11,0.010795712,vgg16,0.011558426,densenet169,0.039594461
vgg11,0.010754867,vgg16,0.011418776,densenet201,0.046365034
vgg11,0.011128127,vgg19,0.013844912,vgg19,0.013836263
vgg11,0.010836833,vgg19,0.011673232,densenet121,0.030780353
vgg11,0.010768127,vgg19,0.011558374,densenet169,0.039438177
vgg11,0.01084883,vgg19,0.011604475,densenet201,0.046517373
vgg11,0.010739226,densenet121,0.030057031,densenet121,0.030303332
vgg11,0.010798827,densenet121,0.030323263,densenet169,0.040222054
vgg11,0.010798571,densenet121,0.030630184,densenet201,0.046341432
vgg11,0.01075507,densenet169,0.039847936,densenet169,0.039819964
vgg11,0.010870499,densenet169,0.039820396,densenet201,0.045309921
vgg11,0.010759567,densenet201,0.046766995,densenet201,0.045732406
vgg16,0.011503659,vgg16,0.011377996,vgg16,0.011374834
vgg16,0.013060093,vgg16,0.013039927,vgg19,0.015390182
vgg16,0.011370524,vgg16,0.011379495,densenet121,0.031729974
vgg16,0.011353245,vgg16,0.011370716,densenet169,0.040174344
vgg16,0.011285465,vgg16,0.011320891,densenet201,0.045769316
vgg16,0.013590914,vgg19,0.015982807,vgg19,0.015975655
vgg16,0.011301877,vgg19,0.011782749,densenet121,0.03153202
vgg16,0.011434815,vgg19,0.011885891,densenet169,0.042205504
vgg16,0.011284724,vgg19,0.011707112,densenet201,0.046241798
vgg16,0.011332622,densenet121,0.030859819,densenet121,0.030593283
vgg16,0.011310668,densenet121,0.030163551,densenet169,0.039138559
vgg16,0.01125683,densenet121,0.030497855,densenet201,0.044863577
vgg16,0.011210974,densenet169,0.039752056,densenet169,0.039417642
vgg16,0.011283506,densenet169,0.039657011,densenet201,0.045362809
vgg16,0.011292694,densenet201,0.045532822,densenet201,0.04557956
vgg19,0.015839985,vgg19,0.015705671,vgg19,0.015710471
vgg19,0.01200477,vgg19,0.011956947,densenet121,0.032703993
vgg19,0.01157854,vgg19,0.012159003,densenet169,0.040139239
vgg19,0.012004018,vgg19,0.011703418,densenet201,0.046591968
vgg19,0.011636054,densenet121,0.031693486,densenet121,0.030840596
vgg19,0.011627187,densenet121,0.030249821,densenet169,0.03862457
vgg19,0.010900991,densenet121,0.030422464,densenet201,0.043152076
vgg19,0.011593215,densenet169,0.040060824,densenet169,0.04000207
vgg19,0.01154773,densenet169,0.03930127,densenet201,0.045990263
vgg19,0.011597106,densenet201,0.045547428,densenet201,0.051118382
densenet121,0.031059169,densenet121,0.0307062,densenet121,0.03072979
densenet121,0.030446868,densenet121,0.031023465,densenet169,0.039559306
densenet121,0.030876589,densenet121,0.035084901,densenet201,0.046667542
densenet121,0.030139506,densenet169,0.039469238,densenet169,0.038881612
densenet121,0.034982336,densenet169,0.039445463,densenet201,0.045482622
densenet121,0.030437134,densenet201,0.045409774,densenet201,0.045453416
densenet169,0.039695845,densenet169,0.039422954,densenet169,0.040008103
densenet169,0.038689413,densenet169,0.039465773,densenet201,0.04504285
densenet169,0.038916616,densenet201,0.047057769,densenet201,0.045866671
densenet201,0.045487427,densenet201,0.046861566,densenet201,0.045681317
yolov8n,0.056689153,yolov8n,0.056815495,llama3,21.15914813
yolov8n,0.060004061,yolov8n,0.059708283,qwen2.5,10.62868894
yolov8n,0.060794813,yolov8n,0.061011747,glm4,22.94300413
yolov8n,0.064214343,yolov8x,0.095089451,llama3,36.94285965
yolov8n,0.063603703,yolov8x,0.094567635,qwen2.5,20.46525727
yolov8n,0.06488307,yolov8x,0.098184022,glm4,29.76807972
yolov8n,0.060478469,yolov8m,0.071791412,llama3,25.57239628
yolov8n,0.061510139,yolov8m,0.072710886,qwen2.5,10.90611664
yolov8n,0.06217098,yolov8m,0.072051286,glm4,23.93362849
yolov8n,0.063283537,resnet18,0.013806871,llama3,23.16639052
yolov8n,0.064658711,resnet18,0.013889827,qwen2.5,13.23410302
yolov8n,0.065218095,resnet18,0.013934697,glm4,24.8026026
yolov8n,0.061301213,resnet50,0.018228536,llama3,30.25786567
yolov8n,0.063893696,resnet50,0.019249981,qwen2.5,10.83429811
yolov8n,0.06341002,resnet50,0.019575298,glm4,24.69493369
yolov8n,0.063609919,resnet152,0.034245079,llama3,29.59447523
yolov8n,0.062004051,resnet152,0.034667788,qwen2.5,10.4256006
yolov8n,0.062573415,resnet152,0.034218453,glm4,29.45782983
yolov8n,0.065428723,vgg11,0.011038769,llama3,29.38857416
yolov8n,0.066996987,vgg11,0.011077122,qwen2.5,22.11499947
yolov8n,0.066968336,vgg11,0.010964723,glm4,33.48628621
yolov8n,0.068810057,vgg16,0.011668267,llama3,41.66849571
yolov8n,0.071461626,vgg16,0.011489944,qwen2.5,25.91210897
yolov8n,0.06912071,vgg16,0.011528733,glm4,36.50619164
yolov8n,0.07157475,vgg19,0.012040506,llama3,45.85324985
yolov8n,0.072417862,vgg19,0.011902154,qwen2.5,30.2171907
yolov8n,0.069397414,vgg19,0.011795586,glm4,38.4773494
yolov8n,0.059571957,densenet121,0.031099832,llama3,23.34342892
yolov8n,0.060961199,densenet121,0.0314483,qwen2.5,10.25370255
yolov8n,0.060749339,densenet121,0.030194497,glm4,23.4589496
yolov8n,0.058812797,densenet169,0.038893612,llama3,22.33001454
yolov8n,0.061579008,densenet169,0.040056493,qwen2.5,10.30808913
yolov8n,0.061141985,densenet169,0.040555702,glm4,22.72958258
yolov8n,0.058497443,densenet201,0.045519625,llama3,24.44177096
yolov8n,0.061672084,densenet201,0.043710463,qwen2.5,10.76086796
yolov8n,0.060636804,densenet201,0.044359453,glm4,22.83786225
yolov8x,0.104817441,yolov8x,0.105229911,llama3,42.94703668
yolov8x,0.109124099,yolov8x,0.109181038,qwen2.5,22.42161125
yolov8x,0.106301198,yolov8x,0.105509095,glm4,34.7577673
yolov8x,0.092440882,yolov8m,0.078023383,llama3,32.16181097
yolov8x,0.099877256,yolov8m,0.07997911,qwen2.5,23.14005572
yolov8x,0.09947837,yolov8m,0.079332226,glm4,30.52495136
yolov8x,0.097324242,resnet18,0.013750294,llama3,32.30970135
yolov8x,0.098759214,resnet18,0.014191053,qwen2.5,21.64465156
yolov8x,0.100405042,resnet18,0.013400274,glm4,30.55746881
yolov8x,0.098950473,resnet50,0.018954134,llama3,33.9841578
yolov8x,0.10474239,resnet50,0.019071168,qwen2.5,23.18844351
yolov8x,0.098649141,resnet50,0.018068718,glm4,32.10205593
yolov8x,0.102492285,resnet152,0.03819625,llama3,36.63072472
yolov8x,0.103159106,resnet152,0.038547394,qwen2.5,23.16462034
yolov8x,0.103632036,resnet152,0.037052511,glm4,34.86227345
yolov8x,0.114746185,vgg11,0.010967179,llama3,43.56950581
yolov8x,0.116820065,vgg11,0.010370955,qwen2.5,30.58178171
yolov8x,0.118159098,vgg11,0.01031454,glm4,40.88073134
yolov8x,0.12768752,vgg16,0.011812066,llama3,44.19650793
yolov8x,0.126302146,vgg16,0.011612309,qwen2.5,40.29910398
yolov8x,0.124125658,vgg16,0.011500408,glm4,45.73584539
yolov8x,0.127477098,vgg19,0.013153651,llama3,50.34917943
yolov8x,0.126242048,vgg19,0.012963975,qwen2.5,35.30007792
yolov8x,0.12464461,vgg19,0.01305228,glm4,46.20185959
yolov8x,0.088365503,densenet121,0.031894707,llama3,31.32704754
yolov8x,0.09230697,densenet121,0.030429594,qwen2.5,20.42992987
yolov8x,0.094219059,densenet121,0.031689373,glm4,29.87284545
yolov8x,0.090333376,densenet169,0.040672311,llama3,30.87761112
yolov8x,0.096283818,densenet169,0.041794862,qwen2.5,22.14987013
yolov8x,0.095706545,densenet169,0.04183506,glm4,28.89164809
yolov8x,0.094264793,densenet201,0.048215857,llama3,34.25552649
yolov8x,0.094279079,densenet201,0.048434102,qwen2.5,22.80696097
yolov8x,0.092862138,densenet201,0.047831499,glm4,29.00016963
yolov8m,0.074392193,yolov8m,0.074826562,llama3,29.03678727
yolov8m,0.078321137,yolov8m,0.077681432,qwen2.5,19.57458692
yolov8m,0.075827967,yolov8m,0.075181179,glm4,25.24375527
yolov8m,0.076075261,resnet18,0.012738641,llama3,29.97903881
yolov8m,0.077286588,resnet18,0.013996807,qwen2.5,13.17113767
yolov8m,0.071782714,resnet18,0.013687623,glm4,24.46390993
yolov8m,0.07404345,resnet50,0.017994165,llama3,30.07710135
yolov8m,0.075208707,resnet50,0.017911739,qwen2.5,18.41928601
yolov8m,0.072524646,resnet50,0.018072254,glm4,23.72553246
yolov8m,0.075644401,resnet152,0.035336474,llama3,30.39422917
yolov8m,0.077474551,resnet152,0.034438975,qwen2.5,20.44008001
yolov8m,0.079778404,resnet152,0.035662986,glm4,29.06953967
yolov8m,0.083317861,vgg11,0.010390278,llama3,40.78554046
yolov8m,0.086171144,vgg11,0.010939334,qwen2.5,25.69500576
yolov8m,0.080958015,vgg11,0.010719624,glm4,33.88428349
yolov8m,0.092928905,vgg16,0.01092809,llama3,45.48451811
yolov8m,0.093630494,vgg16,0.010670324,qwen2.5,30.82333676
yolov8m,0.089733237,vgg16,0.011125571,glm4,39.68709725
yolov8m,0.091043497,vgg19,0.01235216,llama3,44.67724776
yolov8m,0.090070393,vgg19,0.011975265,qwen2.5,26.41922579
yolov8m,0.092584011,vgg19,0.012353035,glm4,43.39908481
yolov8m,0.071807685,densenet121,0.03162405,llama3,26.25978749
yolov8m,0.072961272,densenet121,0.031373232,qwen2.5,11.57268763
yolov8m,0.071501513,densenet121,0.029774859,glm4,25.30221687
yolov8m,0.072624392,densenet169,0.040439483,llama3,29.66591058
yolov8m,0.072846458,densenet169,0.040423138,qwen2.5,10.531978
yolov8m,0.072681312,densenet169,0.03863567,glm4,25.3130312
yolov8m,0.071834859,densenet201,0.046623695,llama3,25.99737041
yolov8m,0.074450928,densenet201,0.043654043,qwen2.5,18.5649287
yolov8m,0.071448185,densenet201,0.047324034,glm4,24.79113204
resnet18,0.014107755,resnet18,0.014132944,llama3,28.50106903
resnet18,0.014208245,resnet18,0.014141606,qwen2.5,10.37486287
resnet18,0.014615135,resnet18,0.014526251,glm4,24.9879134
resnet18,0.013795704,resnet50,0.019416952,llama3,26.42230722
resnet18,0.014241984,resnet50,0.019820652,qwen2.5,12.3191123
resnet18,0.01430837,resnet50,0.020154163,glm4,24.62478532
resnet18,0.013748936,resnet152,0.037379492,llama3,32.20410137
resnet18,0.01393717,resnet152,0.037427225,qwen2.5,21.52283308
resnet18,0.013648207,resnet152,0.037835986,glm4,30.75901604
resnet18,0.012827889,vgg11,0.011190875,llama3,42.32683003
resnet18,0.013697373,vgg11,0.011800472,qwen2.5,23.11365518
resnet18,0.013248941,vgg11,0.011078888,glm4,31.8643671
resnet18,0.013664595,vgg16,0.01233823,llama3,38.45643008
resnet18,0.01318262,vgg16,0.011664,qwen2.5,30.21349406
resnet18,0.01301671,vgg16,0.011678766,glm4,37.86034179
resnet18,0.013539082,vgg19,0.012943262,llama3,42.84299439
resnet18,0.013018005,vgg19,0.012500889,qwen2.5,31.6067739
resnet18,0.013453901,vgg19,0.012676124,glm4,38.62806702
resnet18,0.013651169,densenet121,0.034074898,llama3,24.89448551
resnet18,0.013596772,densenet121,0.034044117,qwen2.5,10.57909287
resnet18,0.012929751,densenet121,0.031584541,glm4,22.9144007
resnet18,0.013857006,densenet169,0.042820328,llama3,25.13656347
resnet18,0.012882733,densenet169,0.039762036,qwen2.5,11.4422178
resnet18,0.013850283,densenet169,0.042507503,glm4,25.09032021
resnet18,0.013617425,densenet201,0.048081308,llama3,25.02737709
resnet18,0.013061579,densenet201,0.04566318,qwen2.5,18.44860265
resnet18,0.013536538,densenet201,0.046814532,glm4,23.24963028
resnet50,0.019448226,resnet50,0.019462233,llama3,34.00306587
resnet50,0.019238523,resnet50,0.019208998,qwen2.5,18.42341061
resnet50,0.019724371,resnet50,0.019655436,glm4,25.71796438
resnet50,0.019152816,resnet152,0.036382119,llama3,29.94651041
resnet50,0.018347152,resnet152,0.035531482,qwen2.5,20.26796378
resnet50,0.018973158,resnet152,0.036938645,glm4,28.95288932
resnet50,0.018802529,vgg11,0.011415861,llama3,37.53452539
resnet50,0.018239601,vgg11,0.010897652,qwen2.5,26.00106144
resnet50,0.017715729,vgg11,0.011236053,glm4,34.30468073
resnet50,0.018834848,vgg16,0.011274809,llama3,41.63951914
resnet50,0.019234628,vgg16,0.011343224,qwen2.5,31.90322652
resnet50,0.019233349,vgg16,0.011503215,glm4,43.95865172
resnet50,0.019667163,vgg19,0.012850823,llama3,52.07147225
resnet50,0.020029357,vgg19,0.012749397,qwen2.5,35.29110875
resnet50,0.019550953,vgg19,0.013216436,glm4,37.29775858
resnet50,0.018700891,densenet121,0.03158867,llama3,26.51336305
resnet50,0.018920188,densenet121,0.031906949,qwen2.5,12.38820038
resnet50,0.018807577,densenet121,0.031805582,glm4,24.16779545
resnet50,0.018706743,densenet169,0.04353459,llama3,23.97937022
resnet50,0.018197283,densenet169,0.040710939,qwen2.5,18.48679323
resnet50,0.018668387,densenet169,0.044578843,glm4,23.68560839
resnet50,0.019314305,densenet201,0.047031476,llama3,29.99173073
resnet50,0.018994032,densenet201,0.04772745,qwen2.5,10.17539992
resnet50,0.018166622,densenet201,0.04636147,glm4,24.65275053
resnet152,0.036615566,resnet152,0.03558024,llama3,35.40399418
resnet152,0.037978435,resnet152,0.037609037,qwen2.5,22.5304603
resnet152,0.03788679,resnet152,0.037187954,glm4,30.58638616
resnet152,0.040373727,vgg11,0.011078031,llama3,41.07322836
resnet152,0.038475347,vgg11,0.011109876,qwen2.5,23.90342167
resnet152,0.040406333,vgg11,0.010976226,glm4,35.12855749
resnet152,0.047617631,vgg16,0.011463239,llama3,46.28737354
resnet152,0.049288577,vgg16,0.011480811,qwen2.5,30.61331209
resnet152,0.046527328,vgg16,0.011523521,glm4,43.62458855
resnet152,0.049971498,vgg19,0.012258581,llama3,59.43848197
resnet152,0.051439492,vgg19,0.012455869,qwen2.5,35.1082067
resnet152,0.050338962,vgg19,0.012555977,glm4,45.00519896
resnet152,0.03503647,densenet121,0.031177125,llama3,29.12728639
resnet152,0.034435771,densenet121,0.030719692,qwen2.5,13.23674275
resnet152,0.034924039,densenet121,0.030857678,glm4,26.18928463
resnet152,0.034724599,densenet169,0.040823276,llama3,32.21046247
resnet152,0.033826539,densenet169,0.040602013,qwen2.5,11.45282263
resnet152,0.033888738,densenet169,0.040422135,glm4,29.94285472
resnet152,0.034979657,densenet201,0.046260503,llama3,32.84325109
resnet152,0.036220627,densenet201,0.047881836,qwen2.5,21.29803723
resnet152,0.035384935,densenet201,0.046283779,glm4,28.89121079
vgg11,0.010632422,vgg11,0.010322642,llama3,43.6689688
vgg11,0.010790566,vgg11,0.010805039,qwen2.5,34.02529006
vgg11,0.010798386,vgg11,0.010824628,glm4,44.43030912
vgg11,0.010330096,vgg16,0.012171137,llama3,60.20591148
vgg11,0.010285651,vgg16,0.012220598,qwen2.5,43.76306492
vgg11,0.01080572,vgg16,0.012111088,glm4,47.2676537
vgg11,0.010986613,vgg19,0.014283982,llama3,52.19385473
vgg11,0.010867929,vgg19,0.014764842,qwen2.5,36.84543353
vgg11,0.010412075,vgg19,0.014355165,glm4,50.41445581
vgg11,0.010861383,densenet121,0.03304201,llama3,32.72106504
vgg11,0.010267559,densenet121,0.032294142,qwen2.5,23.16003576
vgg11,0.010798322,densenet121,0.032176188,glm4,32.96022453
vgg11,0.01004095,densenet169,0.041690033,llama3,29.56194468
vgg11,0.01025403,densenet169,0.043060577,qwen2.5,23.61252839
vgg11,0.011269394,densenet169,0.040956278,glm4,31.55880508
vgg11,0.010987027,densenet201,0.047929348,llama3,34.3087286
vgg11,0.010839514,densenet201,0.053012,qwen2.5,24.20140658
vgg11,0.010818526,densenet201,0.051738438,glm4,35.4068059
vgg16,0.012880644,vgg16,0.012821739,llama3,80.4946903
vgg16,0.012903448,vgg16,0.012878372,qwen2.5,44.75175744
vgg16,0.012682659,vgg16,0.012649645,glm4,51.12264633
vgg16,0.012986356,vgg19,0.015312207,llama3,60.44405444
vgg16,0.013073691,vgg19,0.015350935,qwen2.5,44.68367783
vgg16,0.012869122,vgg19,0.01504163,glm4,57.99200312
vgg16,0.011335026,densenet121,0.038476924,llama3,48.03209519
vgg16,0.011422822,densenet121,0.037449796,qwen2.5,26.14654783
vgg16,0.010818564,densenet121,0.034881516,glm4,35.88260021
vgg16,0.011342948,densenet169,0.048422877,llama3,41.42556638
vgg16,0.011378138,densenet169,0.048958424,qwen2.5,25.12128775
vgg16,0.011183473,densenet169,0.048564983,glm4,36.49265981
vgg16,0.011276459,densenet201,0.059665539,llama3,45.12478924
vgg16,0.011500494,densenet201,0.058536607,qwen2.5,23.92326168
vgg16,0.010645855,densenet201,0.059164651,glm4,38.27996516
vgg19,0.015210995,vgg19,0.015222239,llama3,72.93521833
vgg19,0.015433034,vgg19,0.015394396,qwen2.5,40.60925919
vgg19,0.015160705,vgg19,0.015120129,glm4,56.58531109
vgg19,0.011754288,densenet121,0.036290782,llama3,39.93184388
vgg19,0.01177876,densenet121,0.038026238,qwen2.5,31.72302012
vgg19,0.011969319,densenet121,0.036697232,glm4,43.74307954
vgg19,0.012028748,densenet169,0.051906149,llama3,36.42169051
vgg19,0.012193515,densenet169,0.054000399,qwen2.5,29.92162494
vgg19,0.011852863,densenet169,0.048578823,glm4,39.21917063
vgg19,0.011717118,densenet201,0.059035923,llama3,45.06389588
vgg19,0.012040239,densenet201,0.065077654,qwen2.5,29.76029885
vgg19,0.011879884,densenet201,0.061363341,glm4,36.63398118
densenet121,0.030487163,densenet121,0.030359445,llama3,24.83900063
densenet121,0.030644269,densenet121,0.030510698,qwen2.5,10.16759386
densenet121,0.029194757,densenet121,0.029191323,glm4,20.82399753
densenet121,0.030287428,densenet169,0.038093086,llama3,26.06782825
densenet121,0.030200073,densenet169,0.038972874,qwen2.5,10.64746329
densenet121,0.031683614,densenet169,0.039774328,glm4,22.86466178
densenet121,0.03080007,densenet201,0.045549059,llama3,25.4765264
densenet121,0.030429445,densenet201,0.044421091,qwen2.5,10.86949462
densenet121,0.029375119,densenet201,0.044030996,glm4,22.75319165
densenet169,0.03924316,densenet169,0.038930198,llama3,23.58002734
densenet169,0.039003393,densenet169,0.040359548,qwen2.5,10.09286747
densenet169,0.040298013,densenet169,0.039739547,glm4,22.86018889
densenet169,0.038664942,densenet201,0.045559705,llama3,22.45000783
densenet169,0.040393574,densenet201,0.044972026,qwen2.5,10.72887315
densenet169,0.040277569,densenet201,0.045247578,glm4,23.07251197
densenet201,0.043609916,densenet201,0.043437708,llama3,23.07494077
densenet201,0.044687619,densenet201,0.045389571,qwen2.5,11.44826724