timestamp,cpu_usage,mem_total,mem_available,gpu_util,gpu_mem_free,gpu_mem_used,model1,averagetime1,model2,averagetime2,model3,averagetime3,Total_Flops,Flops1,Flops2,Flops3
2025/1/7 17:42,0.0404802311514922,1081630146560,1040896184320,0,48641,35,yolov8n,0.051585681, nan,, nan,,8857548800.00 ,8857548800.00 ,0.00 ,0.00 
2025/1/7 17:45,0.0481865866485939,1081630146560,1040821977088,10,48458,218,yolov8x,0.097955705, nan,, nan,,258547251200.00 ,258547251200.00 ,0.00 ,0.00 
2025/1/7 17:48,0.048418909571806,1081630146560,1040847011840,51,48078,598,yolov8m,0.06677236, nan,, nan,,79320422400.00 ,79320422400.00 ,0.00 ,0.00 
2025/1/7 17:51,0.0468469017382291,1081630146560,1041407250432,29,48318,358,resnet18,0.011458273, nan,, nan,,1824033792.00 ,1824033792.00 ,0.00 ,0.00 
2025/1/7 17:55,0.0477653830684829,1081630146560,1041385185280,39,48188,488,resnet50,0.014736412, nan,, nan,,4133742592.00 ,4133742592.00 ,0.00 ,0.00 
2025/1/7 17:58,0.0482681525365495,1081630146560,1041385054208,52,48062,614,resnet152,0.025050936, nan,, nan,,11603945472.00 ,11603945472.00 ,0.00 ,0.00 
2025/1/7 18:01,0.0480541134167927,1081630146560,1041405620224,54,48034,642,vgg11,0.010203536, nan,, nan,,7609140224.00 ,7609140224.00 ,0.00 ,0.00 
2025/1/7 18:04,0.0470723476390288,1081630146560,1041422155776,25,48388,288,densenet121,0.023585953, nan,, nan,,2897007104.00 ,2897007104.00 ,0.00 ,0.00 
2025/1/7 18:07,0.0487492986416486,1081630146560,1040841314304,98,33014,15662,llama3,36.71008748, nan,, nan,,3842385117184.03,3842385117184.03,0.00 ,0.00 
2025/1/7 18:10,0.0488280791045522,1081630146560,1040543170560,98,33268,15408,qwen2.5,24.33292862, nan,, nan,,3619986341888.0,3619986341888.0,0.00 ,0.00 
2025/1/7 18:13,0.0478149967985294,1081630146560,1040785502208,99,30482,18194,glm4,34.21932286, nan,, nan,,4494683275264.0,4494683275264.0,0.00 ,0.00 
2025/1/7 18:16,0.0497380536178717,1081630146560,1039903068160,7,48278,400,yolov8n,0.052509763, yolov8n,0.051618429, nan,,17715097600.00 ,8857548800.00 ,8857548800.00 ,0.00 
2025/1/7 18:19,0.0558198576944686,1081630146560,1039749320704,0,48641,35,yolov8n,0.051282, yolov8x,0.09810108, nan,,267404800000.00 ,8857548800.00 ,258547251200.00 ,0.00 
2025/1/7 18:22,0.0574335266154728,1081630146560,1039845965824,73,47896,780,yolov8n,0.051124482, yolov8m,0.065787174, nan,,88177971200.00 ,8857548800.00 ,79320422400.00 ,0.00 
2025/1/7 18:25,0.0562010930941088,1081630146560,1040390918144,33,48136,540,yolov8n,0.051058055, resnet18,0.011505182, nan,,10681582592.00 ,8857548800.00 ,1824033792.00 ,0.00 
2025/1/7 18:29,0.0557570566736019,1081630146560,1040367796224,40,48006,670,yolov8n,0.051062219, resnet50,0.01488043, nan,,12991291392.00 ,8857548800.00 ,4133742592.00 ,0.00 
2025/1/7 18:32,0.0558264974179292,1081630146560,1040389521408,60,47880,796,yolov8n,0.051336978, resnet152,0.024540462, nan,,20461494272.00 ,8857548800.00 ,11603945472.00 ,0.00 
2025/1/7 18:35,0.0560938598506221,1081630146560,1040445288448,59,47852,824,yolov8n,0.051811601, vgg11,0.010155723, nan,,16466689024.00 ,8857548800.00 ,7609140224.00 ,0.00 
2025/1/7 18:38,0.0563284654949856,1081630146560,1040388087808,28,48206,470,yolov8n,0.051525757, densenet121,0.023812444, nan,,11754555904.00 ,8857548800.00 ,2897007104.00 ,0.00 
2025/1/7 18:41,0.0567601313871793,1081630146560,1039723798528,99,32854,15822,yolov8n,0.051580844, llama3,44.59439182, nan,,3851242665984.03,8857548800.00 ,3842385117184.03,0.00 
2025/1/7 18:44,0.0566302802833728,1081630146560,1039321616384,98,33094,15582,yolov8n,0.051719818, qwen2.5,23.88232745, nan,,3628843890688.0,8857548800.00 ,3619986341888.0,0.00 
2025/1/7 18:47,0.0565912928438392,1081630146560,1039744417792,22,43220,5670,yolov8n,0.051843042, glm4,37.42426115, nan,,4503540824064.0,8857548800.00 ,4494683275264.0,0.00 
2025/1/7 18:50,0.0551602848734985,1081630146560,1039646904320,99,30442,18234,yolov8x,0.098167083, yolov8x,0.099042928, nan,,517094502400.00 ,258547251200.00 ,258547251200.00 ,0.00 
2025/1/7 18:54,0.0563447464260118,1081630146560,1039749234688,73,47756,920,yolov8x,0.097982479, yolov8m,0.067211266, nan,,337867673600.00 ,258547251200.00 ,79320422400.00 ,0.00 
2025/1/7 18:57,0.0565862773336226,1081630146560,1040285380608,58,47916,760,yolov8x,0.09777317, resnet18,0.011641012, nan,,260371284992.00 ,258547251200.00 ,1824033792.00 ,0.00 
2025/1/7 19:00,0.0563393889175165,1081630146560,1040265183232,74,47626,1050,yolov8x,0.097972854, resnet50,0.014671596, nan,,262680993792.00 ,258547251200.00 ,4133742592.00 ,0.00 
2025/1/7 19:03,0.0570193572309559,1081630146560,1040253202432,77,47500,1176,yolov8x,0.098085132, resnet152,0.025108423, nan,,270151196672.00 ,258547251200.00 ,11603945472.00 ,0.00 
2025/1/7 19:06,0.0571059404526803,1081630146560,1040360480768,83,47472,1204,yolov8x,0.098925526, vgg11,0.010229571, nan,,266156391424.00 ,258547251200.00 ,7609140224.00 ,0.00 
2025/1/7 19:09,0.0563801526677675,1081630146560,1040375398400,76,47826,850,yolov8x,0.098330388, densenet121,0.023484868, nan,,261444258304.00 ,258547251200.00 ,2897007104.00 ,0.00 
2025/1/7 19:12,0.0576443458208227,1081630146560,1039745245184,100,32492,16184,yolov8x,0.098670511, llama3,37.77151418, nan,,4100932368384.03,258547251200.00 ,3842385117184.03,0.00 
2025/1/7 19:15,0.0571745267165071,1081630146560,1039517982720,87,32724,15952,yolov8x,0.098826448, qwen2.5,25.54186235, nan,,3878533593088.0,258547251200.00 ,3619986341888.0,0.00 
2025/1/7 19:18,0.0580409819803209,1081630146560,1039727734784,99,33254,15422,yolov8x,0.099348949, glm4,35.9250874, nan,,4753230526464.0,258547251200.00 ,4494683275264.0,0.00 
2025/1/7 19:22,0.057471074250663,1081630146560,1039915724800,59,47996,680,yolov8m,0.066416025, yolov8m,0.066474915, nan,,158640844800.00 ,79320422400.00 ,79320422400.00 ,0.00 
2025/1/7 19:25,0.058028490226886,1081630146560,1040380207104,38,48156,520,yolov8m,0.066119436, resnet18,0.011488195, nan,,81144456192.00 ,79320422400.00 ,1824033792.00 ,0.00 
2025/1/7 19:28,0.0585584801177155,1081630146560,1040391618560,62,47866,810,yolov8m,0.066340438, resnet50,0.014733045, nan,,83454164992.00 ,79320422400.00 ,4133742592.00 ,0.00 
2025/1/7 19:31,0.058577609805818,1081630146560,1040308756480,69,47740,936,yolov8m,0.066431238, resnet152,0.024533382, nan,,90924367872.00 ,79320422400.00 ,11603945472.00 ,0.00 
2025/1/7 19:34,0.0582868286567472,1081630146560,1040388673536,64,47712,964,yolov8m,0.066599011, vgg11,0.010167084, nan,,86929562624.00 ,79320422400.00 ,7609140224.00 ,0.00 
2025/1/7 19:37,0.0583124304809728,1081630146560,1040366317568,48,48066,610,yolov8m,0.06629768, densenet121,0.02368008, nan,,82217429504.00 ,79320422400.00 ,2897007104.00 ,0.00 
2025/1/7 19:40,0.0569399168715879,1081630146560,1039736983552,97,32740,15936,yolov8m,0.067173308, llama3,36.78615224, nan,,3921705539584.03,79320422400.00 ,3842385117184.03,0.00 
2025/1/7 19:43,0.0572965437058152,1081630146560,1039519547392,31,38102,10704,yolov8m,0.066809632, qwen2.5,25.70009388, nan,,3699306764288.0,79320422400.00 ,3619986341888.0,0.00 
2025/1/7 19:46,0.0562615878763628,1081630146560,1039680131072,99,33256,15420,yolov8m,0.067022391, glm4,36.0221625, nan,,4574003697664.0,79320422400.00 ,4494683275264.0,0.00 
2025/1/7 19:50,0.0555024898321346,1081630146560,1040925036544,44,48316,360,resnet18,0.011644722, resnet18,0.011558097, nan,,3648067584.00 ,1824033792.00 ,1824033792.00 ,0.00 
2025/1/7 19:53,0.0565482148670241,1081630146560,1040934547456,49,48026,650,resnet18,0.011536831, resnet50,0.014811681, nan,,5957776384.00 ,1824033792.00 ,4133742592.00 ,0.00 
2025/1/7 19:56,0.0568869179755256,1081630146560,1040854904832,66,47900,776,resnet18,0.011519253, resnet152,0.024453512, nan,,13427979264.00 ,1824033792.00 ,11603945472.00 ,0.00 
2025/1/7 19:59,0.0567324595756515,1081630146560,1040944513024,65,47872,804,resnet18,0.011687351, vgg11,0.010263058, nan,,9433174016.00 ,1824033792.00 ,7609140224.00 ,0.00 
2025/1/7 20:02,0.0576440928211289,1081630146560,1040957083648,38,48226,450,resnet18,0.011546675, densenet121,0.023235774, nan,,4721040896.00 ,1824033792.00 ,2897007104.00 ,0.00 
2025/1/7 20:05,0.0596889690823032,1081630146560,1041010855936,99,32896,15780,resnet18,0.011582232, llama3,36.10559554, nan,,3844209150976.03,1824033792.00 ,3842385117184.03,0.00 
2025/1/7 20:08,0.0586717062070972,1081630146560,1040772636672,30,36116,12560,resnet18,0.011450176, qwen2.5,25.53511517, nan,,3621810375680.0,1824033792.00 ,3619986341888.0,0.00 
2025/1/7 20:11,0.0575879373372205,1081630146560,1040924397568,99,33254,15422,resnet18,0.01148904, glm4,35.42573223, nan,,4496507309056.0,1824033792.00 ,4494683275264.0,0.00 
2025/1/7 20:15,0.0567209377202686,1081630146560,1041573580800,43,47736,940,resnet50,0.014911591, resnet50,0.014762473, nan,,8267485184.00 ,4133742592.00 ,4133742592.00 ,0.00 
2025/1/7 20:18,0.0570754626622375,1081630146560,1041583108096,69,47610,1066,resnet50,0.015069452, resnet152,0.025168756, nan,,15737688064.00 ,4133742592.00 ,11603945472.00 ,0.00 
2025/1/7 20:21,0.0572220409406332,1081630146560,1041620918272,72,47582,1094,resnet50,0.014673019, vgg11,0.010172729, nan,,11742882816.00 ,4133742592.00 ,7609140224.00 ,0.00 
2025/1/7 20:24,0.0567517674818133,1081630146560,1041585352704,51,47936,740,resnet50,0.014779189, densenet121,0.02376462, nan,,7030749696.00 ,4133742592.00 ,2897007104.00 ,0.00 
2025/1/7 20:27,0.0567256623303377,1081630146560,1040992595968,99,32596,16080,resnet50,0.014649512, llama3,39.2549476, nan,,3846518859776.03,4133742592.00 ,3842385117184.03,0.00 
2025/1/7 20:30,0.0569689649411053,1081630146560,1040527581184,99,32830,15846,resnet50,0.014679069, qwen2.5,24.13558439, nan,,3624120084480.0,4133742592.00 ,3619986341888.0,0.00 
2025/1/7 20:33,0.0566615273583283,1081630146560,1040890359808,0,48641,35,resnet50,0.014794341, glm4,33.15832887, nan,,4498817017856.0,4133742592.00 ,4494683275264.0,0.00 
2025/1/7 20:37,0.0555382011668517,1081630146560,1041511264256,73,47484,1192,resnet152,0.025169156, resnet152,0.025004176, nan,,23207890944.00 ,11603945472.00 ,11603945472.00 ,0.00 
2025/1/7 20:40,0.0568538739287412,1081630146560,1041566060544,78,47456,1220,resnet152,0.024913827, vgg11,0.010216141, nan,,19213085696.00 ,11603945472.00 ,7609140224.00 ,0.00 
2025/1/7 20:43,0.056683046854066,1081630146560,1041531363328,58,47810,866,resnet152,0.0254365, densenet121,0.023964362, nan,,14500952576.00 ,11603945472.00 ,2897007104.00 ,0.00 
2025/1/7 20:46,0.0578246303051844,1081630146560,1040926883840,98,32458,16218,resnet152,0.025314774, llama3,41.19471163, nan,,3853989062656.03,11603945472.00 ,3842385117184.03,0.00 
2025/1/7 20:49,0.0579153871656293,1081630146560,1040509427712,99,32696,15980,resnet152,0.024520044, qwen2.5,25.92984928, nan,,3631590287360.0,11603945472.00 ,3619986341888.0,0.00 
2025/1/7 20:52,0.0559068578997722,1081630146560,1040891457536,60,33504,15280,resnet152,0.024514214, glm4,35.84266839, nan,,4506287220736.0,11603945472.00 ,4494683275264.0,0.00 
2025/1/7 20:55,0.0599385344024516,1081630146560,1041004470272,99,30442,18234,vgg11,0.010314244, vgg11,0.010305649, nan,,15218280448.00 ,7609140224.00 ,7609140224.00 ,0.00 
2025/1/7 20:58,0.0610368796055956,1081630146560,1040913711104,71,47428,1248,vgg11,0.010233921, densenet121,0.023606426, nan,,10506147328.00 ,7609140224.00 ,2897007104.00 ,0.00 
2025/1/7 21:01,0.0583217715697245,1081630146560,1040229543936,66,47782,894,vgg11,0.010158892, llama3,42.0465247, nan,,3849994257408.03,7609140224.00 ,3842385117184.03,0.00 
2025/1/7 21:05,0.0569067417568446,1081630146560,1039958732800,99,32658,16018,vgg11,0.010125521, qwen2.5,28.85631669, nan,,3627595482112.0,7609140224.00 ,3619986341888.0,0.00 
2025/1/7 21:08,0.0564588153572147,1081630146560,1040408977408,100,29870,18806,vgg11,0.010236807, glm4,36.60028309, nan,,4502292415488.0,7609140224.00 ,4494683275264.0,0.00 
2025/1/7 21:11,0.0555090849744295,1081630146560,1041179078656,38,48136,540,densenet121,0.023705444, densenet121,0.024149245, nan,,5794014208.00 ,2897007104.00 ,2897007104.00 ,0.00 
2025/1/7 21:14,0.0569009308244444,1081630146560,1040542855168,35,44596,4192,densenet121,0.023607125, llama3,39.02827621, nan,,3845282124288.03,2897007104.00 ,3842385117184.03,0.00 
2025/1/7 21:17,0.0569708133725532,1081630146560,1040097366016,98,33012,15664,densenet121,0.0231845, qwen2.5,25.85503129, nan,,3622883348992.0,2897007104.00 ,3619986341888.0,0.00 
2025/1/7 21:21,0.0567748552701334,1081630146560,1040494534656,99,30210,18466,densenet121,0.02382082, glm4,36.08290201, nan,,4497580282368.0,2897007104.00 ,4494683275264.0,0.00 
2025/1/7 21:24,0.0573296196361729,1081630146560,1039958237184,100,17466,31210,llama3,39.90998143, llama3,33.66714754, nan,,7684770234368.06,3842385117184.03,3842385117184.03,0.00 
2025/1/7 21:27,0.0577572785438391,1081630146560,1039641817088,0,48641,35,llama3,36.3937735, qwen2.5,26.08919045, nan,,7462371459072.029,3842385117184.03,3619986341888.0,0.00 
2025/1/7 21:31,0.0588427844004074,1081630146560,1039870078976,100,14836,33840,llama3,35.48591816, glm4,34.48833227, nan,,8337068392448.029,3842385117184.03,4494683275264.0,0.00 
2025/1/7 21:34,0.0585815253394793,1081630146560,1039272144896,100,17920,30756,qwen2.5,25.86881818, qwen2.5,23.85372514, nan,,7239972683776.0,3619986341888.0,3619986341888.0,0.00 
2025/1/7 21:37,0.0592927873573714,1081630146560,1039600250880,99,33256,15420,qwen2.5,24.90494227, glm4,37.68718529, nan,,8114669617152.0,3619986341888.0,4494683275264.0,0.00 
2025/1/7 21:41,0.0631500827071148,1081630146560,1039521226752,100,12300,36376,glm4,35.45301023, glm4,35.91678886, nan,,8989366550528.0,4494683275264.0,4494683275264.0,0.00 
2025/1/7 21:44,0.0584891619849158,1081630146560,1039062290432,27,48093,583,yolov8n,0.052239677, yolov8n,0.051665401, yolov8n,0.051200699,26572646400.00 ,8857548800.00 ,8857548800.00 ,8857548800.00 
2025/1/7 21:47,0.0722791337828179,1081630146560,1038851387392,0,48641,35,yolov8n,0.051441264, yolov8n,0.051649546, yolov8x,0.098156752,276262348800.00 ,8857548800.00 ,8857548800.00 ,258547251200.00 
2025/1/7 21:50,0.0668540876855144,1081630146560,1039034277888,62,47713,963,yolov8n,0.051986656, yolov8n,0.052015352, yolov8m,0.065969454,97035520000.00 ,8857548800.00 ,8857548800.00 ,79320422400.00 
2025/1/7 21:53,0.0668665202582415,1081630146560,1038926282752,42,47953,723,yolov8n,0.05135648, yolov8n,0.051852828, resnet18,0.011597945,19539131392.00 ,8857548800.00 ,8857548800.00 ,1824033792.00 
2025/1/7 21:57,0.0669092625705811,1081630146560,1039882756096,50,47823,853,yolov8n,0.051654069, yolov8n,0.05166033, resnet50,0.014743838,21848840192.00 ,8857548800.00 ,8857548800.00 ,4133742592.00 
2025/1/7 22:00,0.0670554392622602,1081630146560,1039765520384,58,47697,979,yolov8n,0.051759653, yolov8n,0.051770822, resnet152,0.024969846,29319043072.00 ,8857548800.00 ,8857548800.00 ,11603945472.00 
2025/1/7 22:03,0.066596530525335,1081630146560,1039825547264,62,47669,1007,yolov8n,0.051794215, yolov8n,0.051402074, vgg11,0.01027154,25324237824.00 ,8857548800.00 ,8857548800.00 ,7609140224.00 
2025/1/7 22:06,0.0664250944856613,1081630146560,1039798874112,38,48023,653,yolov8n,0.051766934, yolov8n,0.052043876, densenet121,0.023452441,20612104704.00 ,8857548800.00 ,8857548800.00 ,2897007104.00 
2025/1/7 22:09,0.0668254452039896,1081630146560,1039110062080,59,47333,1343,yolov8n,0.051723829, yolov8x,0.098442234, yolov8x,0.098512263,525952051200.00 ,8857548800.00 ,258547251200.00 ,258547251200.00 
2025/1/7 22:12,0.0665533081193259,1081630146560,1039176040448,72,47573,1103,yolov8n,0.051992372, yolov8x,0.09813914, yolov8m,0.066852197,346725222400.00 ,8857548800.00 ,258547251200.00 ,79320422400.00 
2025/1/7 22:15,0.0676283080909003,1081630146560,1039693828096,57,47733,943,yolov8n,0.051305042, yolov8x,0.098508764, resnet18,0.011490006,269228833792.00 ,8857548800.00 ,258547251200.00 ,1824033792.00 
2025/1/7 22:18,0.0674657799626108,1081630146560,1039738073088,0,48641,35,yolov8n,0.051379817, yolov8x,0.098281247, resnet50,0.014752856,271538542592.00 ,8857548800.00 ,258547251200.00 ,4133742592.00 
2025/1/7 22:21,0.0677101976368554,1081630146560,1039657336832,75,47443,1233,yolov8n,0.051577751, yolov8x,0.098586828, resnet152,0.024435633,279008745472.00 ,8857548800.00 ,258547251200.00 ,11603945472.00 
2025/1/7 22:24,0.066553376420771,1081630146560,1039708303360,83,47317,1359,yolov8n,0.051789435, yolov8x,0.099050306, vgg11,0.010186172,275013940224.00 ,8857548800.00 ,258547251200.00 ,7609140224.00 
2025/1/7 22:28,0.0666737456677388,1081630146560,1039747289088,64,47643,1033,yolov8n,0.051225934, yolov8x,0.098301912, densenet121,0.02335427,270301807104.00 ,8857548800.00 ,258547251200.00 ,2897007104.00 
2025/1/7 22:31,0.0662714123882522,1081630146560,1039165374464,54,47813,863,yolov8n,0.052098896, yolov8m,0.067170505, yolov8m,0.067219139,167498393600.00 ,8857548800.00 ,79320422400.00 ,79320422400.00 
2025/1/7 22:34,0.0664999777999676,1081630146560,1039753039872,52,47973,703,yolov8n,0.052031595, yolov8m,0.066126164, resnet18,0.011636769,90002004992.00 ,8857548800.00 ,79320422400.00 ,1824033792.00 
2025/1/7 22:37,0.0673183499011325,1081630146560,1039778443264,55,47683,993,yolov8n,0.051392025, yolov8m,0.066217278, resnet50,0.014674416,92311713792.00 ,8857548800.00 ,79320422400.00 ,4133742592.00 
2025/1/7 22:40,0.0663414863544463,1081630146560,1039703576576,67,47557,1119,yolov8n,0.051724135, yolov8m,0.067098512, resnet152,0.025270296,99781916672.00 ,8857548800.00 ,79320422400.00 ,11603945472.00 
2025/1/7 22:43,0.0670535245324039,1081630146560,1039781347328,68,47529,1147,yolov8n,0.051715737, yolov8m,0.066774843, vgg11,0.010212518,95787111424.00 ,8857548800.00 ,79320422400.00 ,7609140224.00 
2025/1/7 22:46,0.0671218827593647,1081630146560,1039699406848,60,47883,793,yolov8n,0.051808112, yolov8m,0.066455012, densenet121,0.024093151,91074978304.00 ,8857548800.00 ,79320422400.00 ,2897007104.00 
2025/1/7 22:49,0.0673062188292331,1081630146560,1040304340992,24,48153,543,yolov8n,0.051920249, resnet18,0.011464107, resnet18,0.011631847,12505616384.00 ,8857548800.00 ,1824033792.00 ,1824033792.00 
2025/1/7 22:52,0.0674242153700633,1081630146560,1040252645376,0,48478,198,yolov8n,0.051398297, resnet18,0.011522147, resnet50,0.014742612,14815325184.00 ,8857548800.00 ,1824033792.00 ,4133742592.00 
2025/1/7 22:55,0.0673452526981376,1081630146560,1040228974592,54,47843,833,yolov8n,0.051608776, resnet18,0.011465758, resnet152,0.024411389,22285528064.00 ,8857548800.00 ,1824033792.00 ,11603945472.00 
2025/1/7 22:59,0.0668150167938631,1081630146560,1040354557952,70,47689,987,yolov8n,0.052319251, resnet18,0.011577171, vgg11,0.010269306,18290722816.00 ,8857548800.00 ,1824033792.00 ,7609140224.00 
2025/1/7 23:02,0.06750585536189,1081630146560,1040258830336,51,48043,633,yolov8n,0.051261944, resnet18,0.011555628, densenet121,0.023585009,13578589696.00 ,8857548800.00 ,1824033792.00 ,2897007104.00 
2025/1/7 23:05,0.0670316626942091,1081630146560,1040303284224,53,47553,1123,yolov8n,0.051142617, resnet50,0.014759957, resnet50,0.014645261,17125033984.00 ,8857548800.00 ,4133742592.00 ,4133742592.00 
2025/1/7 23:08,0.066975546661885,1081630146560,1040275058688,72,47427,1249,yolov8n,0.052326827, resnet50,0.014975831, resnet152,0.025656101,24595236864.00 ,8857548800.00 ,4133742592.00 ,11603945472.00 
2025/1/7 23:11,0.0665694460164208,1081630146560,1040343355392,71,47399,1277,yolov8n,0.052157281, resnet50,0.014796048, vgg11,0.010349354,20600431616.00 ,8857548800.00 ,4133742592.00 ,7609140224.00 
2025/1/7 23:14,0.0665666915879086,1081630146560,1040308961280,58,47753,923,yolov8n,0.051649309, resnet50,0.014790461, densenet121,0.024017378,15888298496.00 ,8857548800.00 ,4133742592.00 ,2897007104.00 
2025/1/7 23:17,0.0673491365238572,1081630146560,1040238350336,79,47301,1375,yolov8n,0.051469407, resnet152,0.024642072, resnet152,0.024533963,32065439744.00 ,8857548800.00 ,11603945472.00 ,11603945472.00 
2025/1/7 23:20,0.067317549894127,1081630146560,1040331325440,78,47273,1403,yolov8n,0.05136217, resnet152,0.024697428, vgg11,0.010205581,28070634496.00 ,8857548800.00 ,11603945472.00 ,7609140224.00 
2025/1/7 23:23,0.0669040484655958,1081630146560,1040280035328,0,48486,190,yolov8n,0.051813242, resnet152,0.024642877, densenet121,0.023583387,23358501376.00 ,8857548800.00 ,11603945472.00 ,2897007104.00 
2025/1/7 23:26,0.0667879949414617,1081630146560,1040403070976,28,48388,288,yolov8n,0.051859955, vgg11,0.010260051, vgg11,0.010189875,24075829248.00 ,8857548800.00 ,7609140224.00 ,7609140224.00 
2025/1/7 23:29,0.0660731413094001,1081630146560,1040408059904,99,47245,1431,yolov8n,0.051988362, vgg11,0.010264999, densenet121,0.023772352,19363696128.00 ,8857548800.00 ,7609140224.00 ,2897007104.00 
2025/1/7 23:33,0.0673933674046856,1081630146560,1040373518336,49,47953,723,yolov8n,0.051334702, densenet121,0.023749468, densenet121,0.023773491,14651563008.00 ,8857548800.00 ,2897007104.00 ,2897007104.00 
2025/1/7 23:36,0.0671180860977321,1081630146560,1039072489472,100,46953,1723,yolov8x,0.099918477, yolov8x,0.099611868, yolov8x,0.099516922,775641753600.00 ,258547251200.00 ,258547251200.00 ,258547251200.00 
2025/1/7 23:39,0.0671854648287603,1081630146560,1039107092480,81,47193,1483,yolov8x,0.09931334, yolov8x,0.099062308, yolov8m,0.067278572,596414924800.00 ,258547251200.00 ,258547251200.00 ,79320422400.00 
2025/1/7 23:42,0.0675902591891356,1081630146560,1039637942272,81,47353,1323,yolov8x,0.098561327, yolov8x,0.098649852, resnet18,0.011475161,518918536192.00 ,258547251200.00 ,258547251200.00 ,1824033792.00 
2025/1/7 23:45,0.0679520539180153,1081630146560,1039630643200,91,47063,1613,yolov8x,0.099580713, yolov8x,0.098959517, resnet50,0.014891577,521228244992.00 ,258547251200.00 ,258547251200.00 ,4133742592.00 
2025/1/7 23:48,0.0680549120967561,1081630146560,1039598948352,90,46937,1739,yolov8x,0.099771728, yolov8x,0.099619517, resnet152,0.024571075,528698447872.00 ,258547251200.00 ,258547251200.00 ,11603945472.00 
2025/1/7 23:51,0.067946161949453,1081630146560,1039740239872,98,46909,1767,yolov8x,0.099738185, yolov8x,0.099697241, vgg11,0.010200209,524703642624.00 ,258547251200.00 ,258547251200.00 ,7609140224.00 
2025/1/7 23:54,0.0671995430995206,1081630146560,1039711236096,90,47263,1413,yolov8x,0.099231234, yolov8x,0.098951737, densenet121,0.023372107,519991509504.00 ,258547251200.00 ,258547251200.00 ,2897007104.00 
2025/1/7 23:57,0.0677355644804553,1081630146560,1039217852416,0,48641,35,yolov8x,0.099199655, yolov8m,0.06683358, yolov8m,0.066683328,417188096000.00 ,258547251200.00 ,79320422400.00 ,79320422400.00 
2025/1/8 0:00,0.0680583140540762,1081630146560,1039714451456,66,47433,1243,yolov8x,0.098694281, yolov8m,0.06689866, resnet18,0.011545597,339691707392.00 ,258547251200.00 ,79320422400.00 ,1824033792.00 
2025/1/8 0:03,0.0679308954804141,1081630146560,1039642148864,73,47593,1083,yolov8x,0.09930021, yolov8m,0.066707522, resnet50,0.014748351,342001416192.00 ,258547251200.00 ,79320422400.00 ,4133742592.00 
2025/1/8 0:07,0.0681643661969371,1081630146560,1039583084544,81,47177,1499,yolov8x,0.09932174, yolov8m,0.06704524, resnet152,0.025481022,349471619072.00 ,258547251200.00 ,79320422400.00 ,11603945472.00 
2025/1/8 0:10,0.0684500283801044,1081630146560,1039767289856,82,47149,1527,yolov8x,0.099606215, yolov8m,0.067233941, vgg11,0.010197907,345476813824.00 ,258547251200.00 ,79320422400.00 ,7609140224.00 
2025/1/8 0:13,0.0684421505016823,1081630146560,1039705518080,72,47503,1173,yolov8x,0.099587099, yolov8m,0.06692603, densenet121,0.023979125,340764680704.00 ,258547251200.00 ,79320422400.00 ,2897007104.00 
2025/1/8 0:16,0.0675483414831199,1081630146560,1040270524416,71,47753,923,yolov8x,0.098994953, resnet18,0.011450904, resnet18,0.01149482,262195318784.00 ,258547251200.00 ,1824033792.00 ,1824033792.00 
2025/1/8 0:19,0.067248707559277,1081630146560,1040270241792,77,47463,1213,yolov8x,0.098699505, resnet18,0.011453413, resnet50,0.014828034,264505027584.00 ,258547251200.00 ,1824033792.00 ,4133742592.00 
2025/1/8 0:22,0.0678536418040923,1081630146560,1040158461952,78,47337,1339,yolov8x,0.099284598, resnet18,0.011587303, resnet152,0.025149511,271975230464.00 ,258547251200.00 ,1824033792.00 ,11603945472.00 
2025/1/8 0:25,0.0680218921032057,1081630146560,1040272920576,82,47309,1367,yolov8x,0.09926842, resnet18,0.011490166, vgg11,0.010243258,267980425216.00 ,258547251200.00 ,1824033792.00 ,7609140224.00 
2025/1/8 0:28,0.0677755550100179,1081630146560,1040250490880,39,47663,1013,yolov8x,0.09841971, resnet18,0.011544223, densenet121,0.023532954,263268292096.00 ,258547251200.00 ,1824033792.00 ,2897007104.00 
2025/1/8 0:31,0.0684058485825189,1081630146560,1040210681856,0,48641,35,yolov8x,0.099905605, resnet50,0.014803307, resnet50,0.014822735,266814736384.00 ,258547251200.00 ,4133742592.00 ,4133742592.00 
2025/1/8 0:34,0.067511110530739,1081630146560,1040218136576,65,47173,1503,yolov8x,0.099618803, resnet50,0.014911261, resnet152,0.024509151,274284939264.00 ,258547251200.00 ,4133742592.00 ,11603945472.00 
2025/1/8 0:38,0.0677574651302142,1081630146560,1040318296064,90,47019,1657,yolov8x,0.100060437, resnet50,0.014634607, vgg11,0.01015327,270290134016.00 ,258547251200.00 ,4133742592.00 ,7609140224.00 
2025/1/8 0:41,0.0673875951640437,1081630146560,1040226279424,69,47373,1303,yolov8x,0.099565141, resnet50,0.014664863, densenet121,0.023535427,265578000896.00 ,258547251200.00 ,4133742592.00 ,2897007104.00 
2025/1/8 0:44,0.0671404125246564,1081630146560,1040121118720,85,46921,1755,yolov8x,0.099649202, resnet152,0.024735397, resnet152,0.02441232,281755142144.00 ,258547251200.00 ,11603945472.00 ,11603945472.00 
2025/1/8 0:47,0.0667045534652037,1081630146560,1040196685824,90,46893,1783,yolov8x,0.099629709, resnet152,0.024918425, vgg11,0.010274067,277760336896.00 ,258547251200.00 ,11603945472.00 ,7609140224.00 
2025/1/8 0:50,0.0671894018147721,1081630146560,1040195178496,86,47247,1429,yolov8x,0.098975418, resnet152,0.024477591, densenet121,0.023629985,273048203776.00 ,258547251200.00 ,11603945472.00 ,2897007104.00 
2025/1/8 0:53,0.0676894442596953,1081630146560,1040317980672,96,46865,1811,yolov8x,0.100209701, vgg11,0.010207064, vgg11,0.010218773,273765531648.00 ,258547251200.00 ,7609140224.00 ,7609140224.00 
2025/1/8 0:56,0.067243176042559,1081630146560,1040240386048,82,47219,1457,yolov8x,0.099738818, vgg11,0.010247893, densenet121,0.023363218,269053398528.00 ,258547251200.00 ,7609140224.00 ,2897007104.00 
2025/1/8 0:59,0.0684520233287497,1081630146560,1040230920192,63,47573,1103,yolov8x,0.098849736, densenet121,0.023467434, densenet121,0.023412507,264341265408.00 ,258547251200.00 ,2897007104.00 ,2897007104.00 
2025/1/8 1:02,0.0684791179639671,1081630146560,1039164882944,5,47791,905,yolov8m,0.066966826, yolov8m,0.066674635, yolov8m,0.06715372,237961267200.00 ,79320422400.00 ,79320422400.00 ,79320422400.00 
2025/1/8 1:05,0.0678687042606035,1081630146560,1040408453120,4,48641,35,yolov8m,0.066757958, yolov8m,0.066876698, resnet18,0.01152412,160464878592.00 ,79320422400.00 ,79320422400.00 ,1824033792.00 
2025/1/8 1:08,0.0678343857547433,1081630146560,1040406016000,63,47833,843,yolov8m,0.066962146, yolov8m,0.066714819, resnet50,0.014683887,162774587392.00 ,79320422400.00 ,79320422400.00 ,4133742592.00 
2025/1/8 1:12,0.0685748469206483,1081630146560,1040329572352,76,47417,1259,yolov8m,0.066924753, yolov8m,0.066939558, resnet152,0.024474149,170244790272.00 ,79320422400.00 ,79320422400.00 ,11603945472.00 
2025/1/8 1:15,0.0684285105875226,1081630146560,1040499613696,83,47389,1287,yolov8m,0.066945454, yolov8m,0.067333018, vgg11,0.010254972,166249985024.00 ,79320422400.00 ,79320422400.00 ,7609140224.00 
2025/1/8 1:18,0.0674556408725436,1081630146560,1040519991296,57,47743,933,yolov8m,0.066885091, yolov8m,0.066858544, densenet121,0.023189795,161537851904.00 ,79320422400.00 ,79320422400.00 ,2897007104.00 
2025/1/8 1:21,0.0675148543128026,1081630146560,1040995557376,56,47993,683,yolov8m,0.066650343, resnet18,0.011459829, resnet18,0.01157636,82968489984.00 ,79320422400.00 ,1824033792.00 ,1824033792.00 
2025/1/8 1:24,0.0676055724858519,1081630146560,1040974176256,59,47703,973,yolov8m,0.066364942, resnet18,0.011565863, resnet50,0.014859913,85278198784.00 ,79320422400.00 ,1824033792.00 ,4133742592.00 
2025/1/8 1:27,0.0669849083422189,1081630146560,1040939384832,81,47577,1099,yolov8m,0.067314464, resnet18,0.011476535, resnet152,0.024809754,92748401664.00 ,79320422400.00 ,1824033792.00 ,11603945472.00 
2025/1/8 1:30,0.067124017258993,1081630146560,1041002496000,80,47549,1127,yolov8m,0.066973658, resnet18,0.011581882, vgg11,0.010190953,88753596416.00 ,79320422400.00 ,1824033792.00 ,7609140224.00 
2025/1/8 1:33,0.0667096686583397,1081630146560,1040974954496,64,47903,773,yolov8m,0.066654774, resnet18,0.011609153, densenet121,0.023987628,84041463296.00 ,79320422400.00 ,1824033792.00 ,2897007104.00 
2025/1/8 1:36,0.0672305496509327,1081630146560,1040972689408,0,48641,35,yolov8m,0.067021706, resnet50,0.014709056, resnet50,0.014666677,87587907584.00 ,79320422400.00 ,4133742592.00 ,4133742592.00 
2025/1/8 1:39,0.0678804963387514,1081630146560,1040940105728,72,47413,1263,yolov8m,0.067039973, resnet50,0.014942683, resnet152,0.02465699,95058110464.00 ,79320422400.00 ,4133742592.00 ,11603945472.00 
2025/1/8 1:42,0.0684934131569635,1081630146560,1040957718528,73,47287,1389,yolov8m,0.067007637, resnet50,0.014730851, vgg11,0.010203748,91063305216.00 ,79320422400.00 ,4133742592.00 ,7609140224.00 
2025/1/8 1:46,0.0684030099169856,1081630146560,1040930013184,66,47613,1063,yolov8m,0.067024555, resnet50,0.014821604, densenet121,0.023604667,86351172096.00 ,79320422400.00 ,4133742592.00 ,2897007104.00 
2025/1/8 1:49,0.0686637264348456,1081630146560,1040906170368,91,47161,1515,yolov8m,0.067087444, resnet152,0.025113892, resnet152,0.025482259,102528313344.00 ,79320422400.00 ,11603945472.00 ,11603945472.00 
2025/1/8 1:52,0.0682629809358129,1081630146560,1040938856448,88,47133,1543,yolov8m,0.067950279, resnet152,0.025056951, vgg11,0.010242588,98533508096.00 ,79320422400.00 ,11603945472.00 ,7609140224.00 
2025/1/8 1:55,0.0678203024570723,1081630146560,1040915054592,72,47487,1189,yolov8m,0.067608221, resnet152,0.024861877, densenet121,0.023799705,93821374976.00 ,79320422400.00 ,11603945472.00 ,2897007104.00 
2025/1/8 1:58,0.068111517101663,1081630146560,1041072615424,87,47105,1571,yolov8m,0.067013024, vgg11,0.01020313, vgg11,0.010187288,94538702848.00 ,79320422400.00 ,7609140224.00 ,7609140224.00 
2025/1/8 2:01,0.0688165976202063,1081630146560,1040991797248,79,47459,1217,yolov8m,0.066832551, vgg11,0.010213062, densenet121,0.023611425,89826569728.00 ,79320422400.00 ,7609140224.00 ,2897007104.00 
2025/1/8 2:04,0.0691174435033778,1081630146560,1041631059968,60,47813,863,yolov8m,0.066616975, densenet121,0.023340862, densenet121,0.023620658,85114436608.00 ,79320422400.00 ,2897007104.00 ,2897007104.00 
2025/1/8 2:07,0.0690685382398254,1081630146560,1042273599488,54,48153,523,resnet18,0.011517251, resnet18,0.011525047, resnet18,0.011433665,5472101376.00 ,1824033792.00 ,1824033792.00 ,1824033792.00 
2025/1/8 2:10,0.0693504921701187,1081630146560,1042298556416,0,48641,35,resnet18,0.011567286, resnet18,0.011484272, resnet50,0.014818825,7781810176.00 ,1824033792.00 ,1824033792.00 ,4133742592.00 
2025/1/8 2:13,0.068610897526887,1081630146560,1042266255360,65,47863,813,resnet18,0.011626212, resnet18,0.01147079, resnet152,0.02459506,15252013056.00 ,1824033792.00 ,1824033792.00 ,11603945472.00 
2025/1/8 2:16,0.0685179753168485,1081630146560,1042285297664,70,47737,939,resnet18,0.011443818, resnet18,0.011482734, vgg11,0.010170627,11257207808.00 ,1824033792.00 ,1824033792.00 ,7609140224.00 
2025/1/8 2:20,0.068715510181705,1081630146560,1042298015744,56,48063,613,resnet18,0.011691672, resnet18,0.011576933, densenet121,0.023809363,6545074688.00 ,1824033792.00 ,1824033792.00 ,2897007104.00 
2025/1/8 2:23,0.0685214641616816,1081630146560,1042229579776,61,47573,1103,resnet18,0.011425803, resnet50,0.01467925, resnet50,0.014838977,10091518976.00 ,1824033792.00 ,4133742592.00 ,4133742592.00 
2025/1/8 2:26,0.0683713057832859,1081630146560,1042203869184,78,47447,1229,resnet18,0.011549649, resnet50,0.014740501, resnet152,0.02466772,17561721856.00 ,1824033792.00 ,4133742592.00 ,11603945472.00 
2025/1/8 2:29,0.0683584054843491,1081630146560,1042312384512,80,47419,1257,resnet18,0.011546604, resnet50,0.01486822, vgg11,0.01017599,13566916608.00 ,1824033792.00 ,4133742592.00 ,7609140224.00 
2025/1/8 2:32,0.0685960316575633,1081630146560,1042268745728,63,47773,903,resnet18,0.011481745, resnet50,0.014576665, densenet121,0.023330036,8854783488.00 ,1824033792.00 ,4133742592.00 ,2897007104.00 
2025/1/8 2:35,0.0675516570727448,1081630146560,1042167095296,87,47321,1355,resnet18,0.011649184, resnet152,0.025320679, resnet152,0.025201985,25031924736.00 ,1824033792.00 ,11603945472.00 ,11603945472.00 
2025/1/8 2:38,0.0679219454935123,1081630146560,1042296619008,84,47293,1383,resnet18,0.011514729, resnet152,0.0244082, vgg11,0.010198453,21037119488.00 ,1824033792.00 ,11603945472.00 ,7609140224.00 
2025/1/8 2:41,0.0673377072875537,1081630146560,1042227179520,70,47647,1029,resnet18,0.011656351, resnet152,0.02523363, densenet121,0.023636684,16324986368.00 ,1824033792.00 ,11603945472.00 ,2897007104.00 
2025/1/8 2:44,0.0673787087459957,1081630146560,1042362490880,0,48641,35,resnet18,0.011502421, vgg11,0.010278388, vgg11,0.010242486,17042314240.00 ,1824033792.00 ,7609140224.00 ,7609140224.00 
2025/1/8 2:47,0.0673189319699666,1081630146560,1042295586816,89,47265,1411,resnet18,0.011461265, vgg11,0.01019122, densenet121,0.023474764,12330181120.00 ,1824033792.00 ,7609140224.00 ,2897007104.00 
2025/1/8 2:50,0.0670595499463089,1081630146560,1042252677120,75,47619,1057,resnet18,0.011535094, densenet121,0.023580916, densenet121,0.0242533,7618048000.00 ,1824033792.00 ,2897007104.00 ,2897007104.00 
2025/1/8 2:54,0.0675894354838016,1081630146560,1042245099520,82,47283,1393,resnet50,0.015176873, resnet50,0.014794216, resnet50,0.014851808,12401227776.00 ,4133742592.00 ,4133742592.00 ,4133742592.00 
2025/1/8 2:57,0.0676332412537478,1081630146560,1042159042560,84,47157,1519,resnet50,0.014767427, resnet50,0.014721615, resnet152,0.025409476,19871430656.00 ,4133742592.00 ,4133742592.00 ,11603945472.00 
2025/1/8 3:00,0.0669408375942184,1081630146560,1042281787392,74,47129,1547,resnet50,0.014777979, resnet50,0.01468989, vgg11,0.01015853,15876625408.00 ,4133742592.00 ,4133742592.00 ,7609140224.00 
2025/1/8 3:03,0.0674779213745842,1081630146560,1042231353344,77,47483,1193,resnet50,0.014563578, resnet50,0.014874011, densenet121,0.023615644,11164492288.00 ,4133742592.00 ,4133742592.00 ,2897007104.00 
2025/1/8 3:06,0.0672419588848081,1081630146560,1042145189888,82,47031,1645,resnet50,0.014864788, resnet152,0.02580119, resnet152,0.025320616,27341633536.00 ,4133742592.00 ,11603945472.00 ,11603945472.00 
2025/1/8 3:09,0.0679679744839236,1081630146560,1042255667200,87,47003,1673,resnet50,0.014687873, resnet152,0.024484604, vgg11,0.010241135,23346828288.00 ,4133742592.00 ,11603945472.00 ,7609140224.00 
2025/1/8 3:12,0.0679909697112665,1081630146560,1042199220224,77,47357,1319,resnet50,0.014816407, resnet152,0.025120996, densenet121,0.023778841,18634695168.00 ,4133742592.00 ,11603945472.00 ,2897007104.00 
2025/1/8 3:15,0.067689525969515,1081630146560,1042297040896,73,46985,1701,resnet50,0.014833183, vgg11,0.010318404, vgg11,0.010276655,19352023040.00 ,4133742592.00 ,7609140224.00 ,7609140224.00 
2025/1/8 3:18,0.0678882735665606,1081630146560,1042305683456,0,48641,35,resnet50,0.014777279, vgg11,0.010279266, densenet121,0.02392463,14639889920.00 ,4133742592.00 ,7609140224.00 ,2897007104.00 
2025/1/8 3:21,0.0679139496617709,1081630146560,1042242727936,78,47329,1347,resnet50,0.014829717, densenet121,0.023776234, densenet121,0.023995978,9927756800.00 ,4133742592.00 ,2897007104.00 ,2897007104.00 
2025/1/8 3:24,0.068204359680144,1081630146560,1042134093824,59,47683,993,resnet152,0.025191077, resnet152,0.02557718, resnet152,0.024863528,34811836416.00 ,11603945472.00 ,11603945472.00 ,11603945472.00 
2025/1/8 3:28,0.0681567746820907,1081630146560,1042225745920,84,46877,1799,resnet152,0.024484902, resnet152,0.02499076, vgg11,0.010202196,30817031168.00 ,11603945472.00 ,11603945472.00 ,7609140224.00 
2025/1/8 3:31,0.0668022911007815,1081630146560,1042147254272,85,47231,1445,resnet152,0.025254361, resnet152,0.025234891, densenet121,0.023641282,26104898048.00 ,11603945472.00 ,11603945472.00 ,2897007104.00 
2025/1/8 3:34,0.0659869629165445,1081630146560,1042280103936,92,46849,1827,resnet152,0.024516302, vgg11,0.010247773, vgg11,0.010228844,26822225920.00 ,11603945472.00 ,7609140224.00 ,7609140224.00 
2025/1/8 3:37,0.0678373067329953,1081630146560,1042247028736,88,47203,1473,resnet152,0.024766198, vgg11,0.010258576, densenet121,0.023852632,22110092800.00 ,11603945472.00 ,7609140224.00 ,2897007104.00 
2025/1/8 3:40,0.0682727776892679,1081630146560,1042226606080,79,47557,1119,resnet152,0.024995142, densenet121,0.024131646, densenet121,0.023809143,17397959680.00 ,11603945472.00 ,2897007104.00 ,2897007104.00 
2025/1/8 3:43,0.0680016959939533,1081630146560,1042295296000,97,46821,1855,vgg11,0.010191376, vgg11,0.010249835, vgg11,0.010235218,22827420672.00 ,7609140224.00 ,7609140224.00 ,7609140224.00 
2025/1/8 3:46,0.0676935962152228,1081630146560,1042279792640,88,47175,1501,vgg11,0.01014144, vgg11,0.010196227, densenet121,0.023246122,18115287552.00 ,7609140224.00 ,7609140224.00 ,2897007104.00 
2025/1/8 3:49,0.0677580674941745,1081630146560,1042293653504,75,47529,1147,vgg11,0.010245154, densenet121,0.023459115, densenet121,0.024027887,13403154432.00 ,7609140224.00 ,2897007104.00 ,2897007104.00 
2025/1/8 3:52,0.0678019376460066,1081630146560,1042245701632,0,48641,35,densenet121,0.023474625, densenet121,0.023163153, densenet121,0.023490382,8691021312.00 ,2897007104.00 ,2897007104.00 ,2897007104.00 
2025/1/8 3:55,0.068967258267263,1081630146560,1040639098880,44,47883,793,yolov8n,0.051576903, yolov8n,0.051448003, llama3,41.17088342,3860100214784.03,8857548800.00 ,8857548800.00 ,3842385117184.03
2025/1/8 3:59,0.0673144133502473,1081630146560,1040453672960,99,32897,15779,yolov8n,0.051602259, yolov8n,0.051276726, qwen2.5,26.13176911,3637701439488.0,8857548800.00 ,8857548800.00 ,3619986341888.0
2025/1/8 4:02,0.0676190708441684,1081630146560,1040658542592,100,30111,18565,yolov8n,0.051291559, yolov8n,0.051831921, glm4,37.00129843,4512398372864.0,8857548800.00 ,8857548800.00 ,4494683275264.0
2025/1/8 4:05,0.0662902920967433,1081630146560,1040496975872,62,33519,15157,yolov8n,0.051888111, yolov8x,0.099202149, llama3,39.42942756,4109789917184.03,8857548800.00 ,258547251200.00 ,3842385117184.03
2025/1/8 4:08,0.0665886467019149,1081630146560,1040160165888,99,33012,15664,yolov8n,0.05184218, yolov8x,0.098757811, qwen2.5,23.0974429,3887391141888.0,8857548800.00 ,258547251200.00 ,3619986341888.0
2025/1/8 4:12,0.0658892092755263,1081630146560,1040440266752,99,29717,18959,yolov8n,0.051628685, yolov8x,0.098835582, glm4,36.15875351,4762088075264.0,8857548800.00 ,258547251200.00 ,4494683275264.0
2025/1/8 4:15,0.0659150843767073,1081630146560,1040602382336,99,32553,16123,yolov8n,0.051752228, yolov8m,0.067337215, llama3,39.88194037,3930563088384.03,8857548800.00 ,79320422400.00 ,3842385117184.03
2025/1/8 4:18,0.0663453636249664,1081630146560,1040135213056,43,38953,9873,yolov8n,0.051366324, yolov8m,0.066721507, qwen2.5,24.05737666,3708164313088.0,8857548800.00 ,79320422400.00 ,3619986341888.0
2025/1/8 4:21,0.06577859111669,1081630146560,1040524738560,99,33256,15420,yolov8n,0.05195596, yolov8m,0.066872238, glm4,39.26431996,4582861246464.0,8857548800.00 ,79320422400.00 ,4494683275264.0
2025/1/8 4:25,0.0658764694307882,1081630146560,1041201295360,99,32691,15985,yolov8n,0.051564124, resnet18,0.011432086, llama3,35.38733584,3853066699776.03,8857548800.00 ,1824033792.00 ,3842385117184.03
2025/1/8 4:28,0.0657388361321161,1081630146560,1040720142336,99,32931,15745,yolov8n,0.051624082, resnet18,0.011437931, qwen2.5,28.10509006,3630667924480.0,8857548800.00 ,1824033792.00 ,3619986341888.0
2025/1/8 4:31,0.0660008967868034,1081630146560,1041086373888,38,42775,6009,yolov8n,0.051519398, resnet18,0.011545389, glm4,36.33971009,4505364857856.0,8857548800.00 ,1824033792.00 ,4494683275264.0
2025/1/8 4:34,0.0651312617174649,1081630146560,1041143377920,99,30446,18230,yolov8n,0.051573448, resnet50,0.014699736, llama3,36.39516026,3855376408576.03,8857548800.00 ,4133742592.00 ,3842385117184.03
2025/1/8 4:38,0.0668643071699109,1081630146560,1040665600000,99,32627,16049,yolov8n,0.051611811, resnet50,0.014793075, qwen2.5,24.584584,3632977633280.0,8857548800.00 ,4133742592.00 ,3619986341888.0
2025/1/8 4:41,0.066291343388586,1081630146560,1041075609600,100,29845,18831,yolov8n,0.05168612, resnet50,0.0145354, glm4,36.68980169,4507674566656.0,8857548800.00 ,4133742592.00 ,4494683275264.0
2025/1/8 4:44,0.0662669958073744,1081630146560,1041047265280,66,44395,4281,yolov8n,0.051707922, resnet152,0.024926774, llama3,39.6258536,3862846611456.03,8857548800.00 ,11603945472.00 ,3842385117184.03
2025/1/8 4:47,0.06710278322609,1081630146560,1040864550912,99,33012,15664,yolov8n,0.051358409, resnet152,0.024642984, qwen2.5,26.17728843,3640447836160.0,8857548800.00 ,11603945472.00 ,3619986341888.0
2025/1/8 4:51,0.0669024169628765,1081630146560,1041047199744,100,29705,18971,yolov8n,0.051822499, resnet152,0.024503598, glm4,34.49756146,4515144769536.0,8857548800.00 ,11603945472.00 ,4494683275264.0
2025/1/8 4:54,0.0653956858952979,1081630146560,1041153867776,100,32273,16403,yolov8n,0.051704881, vgg11,0.010230813, llama3,36.15242305,3858851806208.03,8857548800.00 ,7609140224.00 ,3842385117184.03
2025/1/8 4:57,0.0654735003348206,1081630146560,1040964784128,20,47373,1302,yolov8n,0.051863817, vgg11,0.010192516, qwen2.5,24.48399251,3636453030912.0,8857548800.00 ,7609140224.00 ,3619986341888.0
2025/1/8 5:00,0.0657087405679694,1081630146560,1041090387968,98,33254,15422,yolov8n,0.051412524, vgg11,0.010168906, glm4,34.89387555,4511149964288.0,8857548800.00 ,7609140224.00 ,4494683275264.0
2025/1/8 5:04,0.0656542080492724,1081630146560,1041144766464,99,32601,16075,yolov8n,0.051823265, densenet121,0.023454219, llama3,40.10396296,3854139673088.03,8857548800.00 ,2897007104.00 ,3842385117184.03
2025/1/8 5:07,0.0668489844533585,1081630146560,1040839495680,99,32843,15833,yolov8n,0.051434242, densenet121,0.023684568, qwen2.5,24.24497039,3631740897792.0,8857548800.00 ,2897007104.00 ,3619986341888.0
2025/1/8 5:10,0.0667927350483162,1081630146560,1041061609472,24,48205,470,yolov8n,0.052079679, densenet121,0.024131453, glm4,31.33213253,4506437831168.0,8857548800.00 ,2897007104.00 ,4494683275264.0
2025/1/8 5:14,0.0660106601066006,1081630146560,1040467202048,100,31889,16787,yolov8x,0.100319563, yolov8x,0.099889998, llama3,34.81027746,4359479619584.03,258547251200.00 ,258547251200.00 ,3842385117184.03
2025/1/8 5:17,0.0662308909170546,1081630146560,1040171106304,100,32139,16537,yolov8x,0.100640343, yolov8x,0.099853774, qwen2.5,25.8937976,4137080844288.0,258547251200.00 ,258547251200.00 ,3619986341888.0
2025/1/8 5:20,0.0663502157461607,1081630146560,1040388702208,99,29357,19319,yolov8x,0.10043873, yolov8x,0.099349894, glm4,35.88455772,5011777777664.0,258547251200.00 ,258547251200.00 ,4494683275264.0
2025/1/8 5:23,0.0655495553837911,1081630146560,1040487882752,0,48641,45,yolov8x,0.100084585, yolov8m,0.067322212, llama3,43.5909096,4180252790784.03,258547251200.00 ,79320422400.00 ,3842385117184.03
2025/1/8 5:27,0.0674838237727409,1081630146560,1039984635904,100,32377,16299,yolov8x,0.099480951, yolov8m,0.067089263, qwen2.5,28.99146259,3957854015488.0,258547251200.00 ,79320422400.00 ,3619986341888.0
2025/1/8 5:30,0.067230490359449,1081630146560,1040403996672,100,29585,19091,yolov8x,0.099420505, yolov8m,0.067265684, glm4,39.62625712,4832550948864.0,258547251200.00 ,79320422400.00 ,4494683275264.0
2025/1/8 5:33,0.066679378446219,1081630146560,1040975790080,100,32345,16331,yolov8x,0.099541334, resnet18,0.011515422, llama3,35.81869066,4102756402176.03,258547251200.00 ,1824033792.00 ,3842385117184.03
2025/1/8 5:36,0.0681709562424093,1081630146560,1040535179264,0,48641,35,yolov8x,0.099720682, resnet18,0.011543939, qwen2.5,25.13417278,3880357626880.0,258547251200.00 ,1824033792.00 ,3619986341888.0
2025/1/8 5:40,0.0670908799654552,1081630146560,1040940584960,100,29733,18943,yolov8x,0.099597101, resnet18,0.01152704, glm4,35.05422121,4755054560256.0,258547251200.00 ,1824033792.00 ,4494683275264.0
2025/1/8 5:43,0.066536917543998,1081630146560,1040923480064,100,32031,16645,yolov8x,0.100385716, resnet50,0.01469972, llama3,42.1117202,4105066110976.03,258547251200.00 ,4133742592.00 ,3842385117184.03
2025/1/8 5:46,0.0673309478413036,1081630146560,1040486084608,99,32267,16409,yolov8x,0.099692696, resnet50,0.014766895, qwen2.5,24.85943787,3882667335680.0,258547251200.00 ,4133742592.00 ,3619986341888.0
2025/1/8 5:49,0.067366890691926,1081630146560,1040957976576,0,48641,35,yolov8x,0.100070716, resnet50,0.014700453, glm4,36.24970651,4757364269056.0,258547251200.00 ,4133742592.00 ,4494683275264.0
2025/1/8 5:53,0.0668221162092699,1081630146560,1040883970048,100,31871,16805,yolov8x,0.10001521, resnet152,0.025322379, llama3,44.87849796,4112536313856.03,258547251200.00 ,11603945472.00 ,3842385117184.03
2025/1/8 5:56,0.0677920058371166,1081630146560,1040668446720,100,32127,16549,yolov8x,0.100779137, resnet152,0.025259864, qwen2.5,28.87822064,3890137538560.0,258547251200.00 ,11603945472.00 ,3619986341888.0
2025/1/8 5:59,0.0668628997574501,1081630146560,1040871231488,100,29343,19333,yolov8x,0.100060453, resnet152,0.025131682, glm4,34.95978308,4764834471936.0,258547251200.00 ,11603945472.00 ,4494683275264.0
2025/1/8 6:02,0.0663093233692767,1081630146560,1040948740096,71,48641,35,yolov8x,0.101630831, vgg11,0.010287409, llama3,35.68887359,4108541508608.03,258547251200.00 ,7609140224.00 ,3842385117184.03
2025/1/8 6:06,0.068498577698909,1081630146560,1040459464704,100,32097,16579,yolov8x,0.099981421, vgg11,0.010200334, qwen2.5,24.30188217,3886142733312.0,258547251200.00 ,7609140224.00 ,3619986341888.0
2025/1/8 6:09,0.067430913875041,1081630146560,1040975212544,100,29303,19373,yolov8x,0.100445278, vgg11,0.010201382, glm4,35.97155672,4760839666688.0,258547251200.00 ,7609140224.00 ,4494683275264.0
2025/1/8 6:12,0.0675895063689707,1081630146560,1040897216512,99,32261,16415,yolov8x,0.100066375, densenet121,0.023896717, llama3,39.02159071,4103829375488.03,258547251200.00 ,2897007104.00 ,3842385117184.03
2025/1/8 6:15,0.0688069001899512,1081630146560,1040639655936,99,33012,15664,yolov8x,0.0996731, densenet121,0.023364479, qwen2.5,24.4995423,3881430600192.0,258547251200.00 ,2897007104.00 ,3619986341888.0
2025/1/8 6:19,0.0680386637355918,1081630146560,1040909041664,100,29645,19033,yolov8x,0.099816847, densenet121,0.023507982, glm4,37.17639792,4756127533568.0,258547251200.00 ,2897007104.00 ,4494683275264.0
2025/1/8 6:22,0.0673291566399348,1081630146560,1040448380928,99,32401,16275,yolov8m,0.067718249, yolov8m,0.067340063, llama3,36.49971092,4001025961984.03,79320422400.00 ,79320422400.00 ,3842385117184.03
2025/1/8 6:25,0.0666834956019897,1081630146560,1040244711424,100,32639,16037,yolov8m,0.067489097, yolov8m,0.0674825, qwen2.5,24.53827947,3778627186688.0,79320422400.00 ,79320422400.00 ,3619986341888.0
2025/1/8 6:28,0.066192261936902,1081630146560,1040349896704,99,33256,15420,yolov8m,0.067329844, yolov8m,0.06717072, glm4,35.98721991,4653324120064.0,79320422400.00 ,79320422400.00 ,4494683275264.0
2025/1/8 6:32,0.0665390893523172,1081630146560,1040967319552,99,32529,16147,yolov8m,0.067224598, resnet18,0.011488972, llama3,37.10251206,3923529573376.03,79320422400.00 ,1824033792.00 ,3842385117184.03
2025/1/8 6:35,0.0669933132900317,1081630146560,1040616792064,99,32787,15889,yolov8m,0.067008186, resnet18,0.011504323, qwen2.5,23.49257476,3701130798080.0,79320422400.00 ,1824033792.00 ,3619986341888.0
2025/1/8 6:38,0.0672210744611115,1081630146560,1040966529024,54,31715,17069,yolov8m,0.066978085, resnet18,0.011562746, glm4,35.16097899,4575827731456.0,79320422400.00 ,1824033792.00 ,4494683275264.0
2025/1/8 6:41,0.0664886252614437,1081630146560,1041030078464,99,30442,18234,yolov8m,0.067051061, resnet50,0.014810731, llama3,35.5292397,3925839282176.03,79320422400.00 ,4133742592.00 ,3842385117184.03
2025/1/8 6:45,0.0682227150076399,1081630146560,1040512507904,100,32487,16189,yolov8m,0.067639546, resnet50,0.014864253, qwen2.5,28.63519255,3703440506880.0,79320422400.00 ,4133742592.00 ,3619986341888.0
2025/1/8 6:48,0.0663015664818506,1081630146560,1040972390400,100,29699,18977,yolov8m,0.0674182, resnet50,0.014734654, glm4,36.84447628,4578137440256.0,79320422400.00 ,4133742592.00 ,4494683275264.0
2025/1/8 6:51,0.0666793146091541,1081630146560,1040944234496,58,32241,16435,yolov8m,0.068079647, resnet152,0.025289985, llama3,40.00031012,3933309485056.03,79320422400.00 ,11603945472.00 ,3842385117184.03
2025/1/8 6:54,0.0670727193716562,1081630146560,1040720048128,99,33012,15664,yolov8m,0.067842484, resnet152,0.025213148, qwen2.5,24.28580168,3710910709760.0,79320422400.00 ,11603945472.00 ,3619986341888.0
2025/1/8 6:58,0.0660915062267945,1081630146560,1040825282560,100,29561,19115,yolov8m,0.068046327, resnet152,0.024594832, glm4,36.46605098,4585607643136.0,79320422400.00 ,11603945472.00 ,4494683275264.0
2025/1/8 7:01,0.0670709086824048,1081630146560,1040975683584,99,32125,16551,yolov8m,0.06705711, vgg11,0.010197579, llama3,38.55352002,3929314679808.03,79320422400.00 ,7609140224.00 ,3842385117184.03
2025/1/8 7:04,0.0680208823752105,1081630146560,1040764321792,67,32969,16127,yolov8m,0.067408622, vgg11,0.010198117, qwen2.5,28.96388992,3706915904512.0,79320422400.00 ,7609140224.00 ,3619986341888.0
2025/1/8 7:07,0.0680197901712538,1081630146560,1041022476288,99,33254,15422,yolov8m,0.067845587, vgg11,0.010265792, glm4,35.63071742,4581612837888.0,79320422400.00 ,7609140224.00 ,4494683275264.0
2025/1/8 7:11,0.0679742591136616,1081630146560,1041037324288,100,32439,16237,yolov8m,0.067332163, densenet121,0.023861565, llama3,39.7597453,3924602546688.03,79320422400.00 ,2897007104.00 ,3842385117184.03
2025/1/8 7:14,0.0677797042112304,1081630146560,1040638500864,100,32699,15979,yolov8m,0.067908754, densenet121,0.023926015, qwen2.5,24.24208709,3702203771392.0,79320422400.00 ,2897007104.00 ,3619986341888.0
2025/1/8 7:17,0.0680728116281239,1081630146560,1040938491904,61,34637,14253,yolov8m,0.067124599, densenet121,0.023483093, glm4,34.61724682,4576900704768.0,79320422400.00 ,2897007104.00 ,4494683275264.0
2025/1/8 7:20,0.0685638064457702,1081630146560,1041625178112,99,30446,18230,resnet18,0.011497194, resnet18,0.011654808, llama3,42.99573064,3846033184768.03,1824033792.00 ,1824033792.00 ,3842385117184.03
2025/1/8 7:24,0.0684811803390553,1081630146560,1041274880000,99,32937,15739,resnet18,0.011415925, resnet18,0.011629998, qwen2.5,25.10638646,3623634409472.0,1824033792.00 ,1824033792.00 ,3619986341888.0
2025/1/8 7:27,0.0686594898560704,1081630146560,1041558421504,100,30149,18527,resnet18,0.011484941, resnet18,0.011450868, glm4,35.05469948,4498331342848.0,1824033792.00 ,1824033792.00 ,4494683275264.0
2025/1/8 7:30,0.0686246341000448,1081630146560,1041500086272,50,32647,16029,resnet18,0.011534893, resnet50,0.01456114, llama3,35.606953,3848342893568.03,1824033792.00 ,4133742592.00 ,3842385117184.03
2025/1/8 7:33,0.0678835694615784,1081630146560,1041050955776,99,33012,15664,resnet18,0.011548133, resnet50,0.014878577, qwen2.5,25.0631237,3625944118272.0,1824033792.00 ,4133742592.00 ,3619986341888.0
2025/1/8 7:37,0.0674872377223505,1081630146560,1041473826816,99,29845,18831,resnet18,0.011594421, resnet50,0.014734091, glm4,37.1031158,4500641051648.0,1824033792.00 ,4133742592.00 ,4494683275264.0
2025/1/8 7:40,0.0673902691484355,1081630146560,1041570635776,99,32313,16363,resnet18,0.011472063, resnet152,0.025145583, llama3,34.74176288,3855813096448.03,1824033792.00 ,11603945472.00 ,3842385117184.03
2025/1/8 7:43,0.0679201457720109,1081630146560,1041267716096,66,32609,16067,resnet18,0.011521767, resnet152,0.024841708, qwen2.5,24.36220322,3633414321152.0,1824033792.00 ,11603945472.00 ,3619986341888.0
2025/1/8 7:46,0.0675253191659742,1081630146560,1041510932480,99,33248,15428,resnet18,0.011505385, resnet152,0.025085641, glm4,35.44754849,4508111254528.0,1824033792.00 ,11603945472.00 ,4494683275264.0
2025/1/8 7:50,0.0686795817883189,1081630146560,1041631297536,99,32245,16431,resnet18,0.011545039, vgg11,0.010273188, llama3,43.32977295,3851818291200.03,1824033792.00 ,7609140224.00 ,3842385117184.03
2025/1/8 7:53,0.0689877627491653,1081630146560,1041313153024,99,32503,16173,resnet18,0.011552376, vgg11,0.010407284, qwen2.5,23.68658795,3629419515904.0,1824033792.00 ,7609140224.00 ,3619986341888.0
2025/1/8 7:56,0.0680496118901363,1081630146560,1041538473984,66,33417,15363,resnet18,0.011594839, vgg11,0.010294065, glm4,35.67134376,4504116449280.0,1824033792.00 ,7609140224.00 ,4494683275264.0
2025/1/8 7:59,0.0679227575495592,1081630146560,1041614954496,91,30446,18230,resnet18,0.011496834, densenet121,0.02342811, llama3,38.88432163,3847106158080.03,1824033792.00 ,2897007104.00 ,3842385117184.03
2025/1/8 8:03,0.0690468561158845,1081630146560,1041244254208,99,32849,15827,resnet18,0.011548598, densenet121,0.023722785, qwen2.5,24.53709555,3624707382784.0,1824033792.00 ,2897007104.00 ,3619986341888.0
2025/1/8 8:06,0.0687221002067412,1081630146560,1041537318912,99,30059,18617,resnet18,0.011512367, densenet121,0.023800153, glm4,33.29992919,4499404316160.0,1824033792.00 ,2897007104.00 ,4494683275264.0
2025/1/8 8:09,0.0686581171208275,1081630146560,1041529962496,52,32357,16319,resnet50,0.014483549, resnet50,0.014866055, llama3,43.50805819,3850652602368.03,4133742592.00 ,4133742592.00 ,3842385117184.03
2025/1/8 8:12,0.0695437089223548,1081630146560,1041284378624,99,33010,15666,resnet50,0.014744199, resnet50,0.014587316, qwen2.5,24.26665957,3628253827072.0,4133742592.00 ,4133742592.00 ,3619986341888.0
2025/1/8 8:16,0.0692920268462014,1081630146560,1041468284928,100,29555,19121,resnet50,0.014684111, resnet50,0.014821042, glm4,33.24028616,4502950760448.0,4133742592.00 ,4133742592.00 ,4494683275264.0
2025/1/8 8:19,0.069159605921624,1081630146560,1041494614016,99,32023,16653,resnet50,0.014777496, resnet152,0.025317405, llama3,38.50719065,3858122805248.03,4133742592.00 ,11603945472.00 ,3842385117184.03
2025/1/8 8:22,0.0690013821339185,1081630146560,1041081466880,69,32319,16357,resnet50,0.014771255, resnet152,0.024899069, qwen2.5,24.05318325,3635724029952.0,4133742592.00 ,11603945472.00 ,3619986341888.0
2025/1/8 8:25,0.0691658988823698,1081630146560,1041479159808,99,33256,15420,resnet50,0.01471584, resnet152,0.024775078, glm4,35.63959851,4510420963328.0,4133742592.00 ,11603945472.00 ,4494683275264.0
2025/1/8 8:29,0.0680125599684512,1081630146560,1041619836928,100,31955,16721,resnet50,0.014462079, vgg11,0.010207134, llama3,36.12782514,3854128000000.03,4133742592.00 ,7609140224.00 ,3842385117184.03
2025/1/8 8:32,0.0684966089020803,1081630146560,1041085218816,99,32213,16463,resnet50,0.014556733, vgg11,0.010191879, qwen2.5,28.73559662,3631729224704.0,4133742592.00 ,7609140224.00 ,3619986341888.0
2025/1/8 8:35,0.068985084447201,1081630146560,1041488019456,75,31599,17145,resnet50,0.01480998, vgg11,0.010158807, glm4,34.61856871,4506426158080.0,4133742592.00 ,7609140224.00 ,4494683275264.0
2025/1/8 8:38,0.068230973377356,1081630146560,1041541001216,99,30446,18230,resnet50,0.014706202, densenet121,0.023725282, llama3,44.45203495,3849415866880.03,4133742592.00 ,2897007104.00 ,3842385117184.03
2025/1/8 8:42,0.0691186585291546,1081630146560,1041006702592,99,32557,16119,resnet50,0.014806193, densenet121,0.023877962, qwen2.5,28.76477055,3627017091584.0,4133742592.00 ,2897007104.00 ,3619986341888.0
2025/1/8 8:45,0.0681313801884966,1081630146560,1041527316480,100,29769,18907,resnet50,0.014580059, densenet121,0.023801186, glm4,33.80816875,4501714024960.0,4133742592.00 ,2897007104.00 ,4494683275264.0
2025/1/8 8:48,0.068285186926464,1081630146560,1041415569408,88,31985,16691,resnet152,0.02456258, resnet152,0.024358281, llama3,37.0068174,3865593008128.03,11603945472.00 ,11603945472.00 ,3842385117184.03
2025/1/8 8:51,0.0687465558382967,1081630146560,1041084870656,99,33012,15664,resnet152,0.024647563, resnet152,0.024614362, qwen2.5,24.342331,3643194232832.0,11603945472.00 ,11603945472.00 ,3619986341888.0
2025/1/8 8:55,0.0675077859107437,1081630146560,1041390833664,100,29303,19373,resnet152,0.024471294, resnet152,0.024472441, glm4,35.38289309,4517891166208.0,11603945472.00 ,11603945472.00 ,4494683275264.0
2025/1/8 8:58,0.0675125834179219,1081630146560,1041523425280,99,31867,16809,resnet152,0.025628094, vgg11,0.010191675, llama3,40.4293232,3861598202880.03,11603945472.00 ,7609140224.00 ,3842385117184.03
2025/1/8 9:01,0.0691981175200361,1081630146560,1041234055168,79,32165,16511,resnet152,0.024603648, vgg11,0.010127683, qwen2.5,24.07027752,3639199427584.0,11603945472.00 ,7609140224.00 ,3619986341888.0
2025/1/8 9:04,0.06852418295644,1081630146560,1041547874304,98,33256,15420,resnet152,0.024675808, vgg11,0.010214467, glm4,35.34715052,4513896360960.0,11603945472.00 ,7609140224.00 ,4494683275264.0
2025/1/8 9:08,0.0712560596773709,1081630146560,1040887803904,99,32183,16493,resnet152,0.025701856, densenet121,0.023685298, llama3,33.98541218,3856886069760.03,11603945472.00 ,2897007104.00 ,3842385117184.03
2025/1/8 9:11,0.0693404260689399,1081630146560,1040440938496,99,32441,16235,resnet152,0.025074701, densenet121,0.024256197, qwen2.5,23.26280539,3634487294464.0,11603945472.00 ,2897007104.00 ,3619986341888.0
2025/1/8 9:14,0.0684315292863727,1081630146560,1040905486336,68,32149,16849,resnet152,0.025332738, densenet121,0.023799392, glm4,35.32565341,4509184227840.0,11603945472.00 ,2897007104.00 ,4494683275264.0
2025/1/8 9:17,0.0686017645502303,1081630146560,1041004916736,99,30446,18230,vgg11,0.010294822, vgg11,0.010309066, llama3,39.25034589,3857603397632.03,7609140224.00 ,7609140224.00 ,3842385117184.03
2025/1/8 9:21,0.0692085256324309,1081630146560,1040604303360,99,32049,16627,vgg11,0.010242125, vgg11,0.010195042, qwen2.5,28.43724795,3635204622336.0,7609140224.00 ,7609140224.00 ,3619986341888.0
2025/1/8 9:24,0.0688297188601157,1081630146560,1040716722176,100,29261,19415,vgg11,0.010163576, vgg11,0.010249314, glm4,36.22571069,4509901555712.0,7609140224.00 ,7609140224.00 ,4494683275264.0
2025/1/8 9:27,0.0671301092586947,1081630146560,1040677470208,62,32283,16393,vgg11,0.010240995, densenet121,0.024093139, llama3,39.65203518,3852891264512.03,7609140224.00 ,2897007104.00 ,3842385117184.03
2025/1/8 9:30,0.0692905611885101,1081630146560,1040349114368,99,33012,15664,vgg11,0.01021052, densenet121,0.023564525, qwen2.5,25.09973288,3630492489216.0,7609140224.00 ,2897007104.00 ,3619986341888.0
2025/1/8 9:34,0.0689590032784109,1081630146560,1040075165696,100,29601,19075,vgg11,0.010172282, densenet121,0.023671508, glm4,36.68081397,4505189422592.0,7609140224.00 ,2897007104.00 ,4494683275264.0
2025/1/8 9:37,0.0688561102157514,1081630146560,1040095703040,100,32547,16129,densenet121,0.023817473, densenet121,0.023600367, llama3,35.10472131,3848179131392.03,2897007104.00 ,2897007104.00 ,3842385117184.03
2025/1/8 9:40,0.0698701595068731,1081630146560,1039935148032,42,32845,15831,densenet121,0.024008588, densenet121,0.023604627, qwen2.5,24.99446055,3625780356096.0,2897007104.00 ,2897007104.00 ,3619986341888.0
2025/1/8 9:43,0.0687182665988746,1081630146560,1040065548288,99,33256,15420,densenet121,0.023722808, densenet121,0.023722875, glm4,34.53588519,4500477289472.0,2897007104.00 ,2897007104.00 ,4494683275264.0
